shipment_id,date,origin_hub,origin_region,destination_city,destination_region,o_lat,o_lon,d_lat,d_lon,distance_km,planned_duration_min,actual_duration_min,delay_min,on_time,mode,product_category,temperature_req,temperature_breach,capacity_utilization,fuel_liters,co2_kg,cost_mad,quantity_tons,lat,lon
S100000,2025-06-25,Agadir,Souss-Massa,Kénitra,Rabat-Salé-Kénitra,30.4278,-9.5981,34.2541,-6.589,536.9,470,474,4,1,Reefer,Primeurs,Chilled,0,0.55,154.1,413.1,5737.0,9.1,31.823464454188827,-7.757150010093105
S100001,2025-07-16,Casablanca,Casablanca-Settat,Marrakech,Marrakech-Safi,33.5731,-7.5898,31.6295,-7.9811,203.2,198,209,10,1,Reefer,Produits laitiers,Chilled,0,0.77,61.0,163.6,2516.4,8.4,32.351602357715215,-8.092498340706086
S100002,2025-01-26,Casablanca,Casablanca-Settat,Rabat,Rabat-Salé-Kénitra,33.5731,-7.5898,34.0209,-6.8416,105.7,99,124,24,0,Dry Van,Agrumes,Ambient,0,0.72,34.9,93.6,899.9,7.6,33.49733150664232,-7.319486474919718
S100003,2025-09-04,Casablanca,Casablanca-Settat,Tanger,Tanger-Tétouan-Al Hoceïma,33.5731,-7.5898,35.7595,-5.83395,277.9,256,237,-18,1,Reefer,Produits laitiers,Chilled,0,0.67,99.1,265.5,3404.1,5.2,34.735073186116765,-6.5730974540107665
S100004,2025-03-09,Taroudant,Souss-Massa,Oujda,Oriental,30.4725,-8.8761,34.6814,-1.9086,1074.7,978,1000,22,0,Reefer,Primeurs,Chilled,0,0.64,321.7,862.3,11892.5,9.9,32.20481763307805,-4.2185738283640735
S100005,2025-07-31,Taroudant,Souss-Massa,Tanger,Tanger-Tétouan-Al Hoceïma,30.4725,-8.8761,35.7595,-5.83395,719.4,634,629,-5,1,Reefer,Produits laitiers,Chilled,0,0.75,223.8,599.7,8799.7,6.7,33.156520793674,-8.045783903789308
S100006,2025-06-01,Casablanca,Casablanca-Settat,Oujda,Oriental,33.5731,-7.5898,34.6814,-1.9086,532.1,478,472,-5,1,Reefer,Produits laitiers,Chilled,0,0.81,165.7,444.1,5313.0,6.5,34.0806279270504,-5.67384465131467
S100007,2025-04-14,Casablanca,Casablanca-Settat,Rabat,Rabat-Salé-Kénitra,33.5731,-7.5898,34.0209,-6.8416,76.0,61,89,27,0,Reefer,Viande,Chilled,0,0.88,26.7,71.4,752.3,7.8,33.82026885263053,-7.0774854186285285
S100008,2025-04-03,Casablanca,Casablanca-Settat,Agadir Aït Melloul,Souss-Massa,33.5731,-7.5898,30.322,-9.373,316.6,268,289,21,0,Reefer,Jus de fruits,Ambient,0,0.89,93.6,250.8,3305.9,1.4,31.621503414036763,-8.37147144583426
S100009,2025-07-05,Casablanca,Casablanca-Settat,Béni Mellal,Béni Mellal-Khénifra,33.5731,-7.5898,32.3373,-6.3498,230.9,188,122,-65,1,Reefer,Primeurs,Chilled,0,0.56,70.0,187.7,2728.2,9.2,32.794546884068616,-6.848562191658611
S100010,2025-05-23,Taroudant,Souss-Massa,Tanger,Tanger-Tétouan-Al Hoceïma,30.4725,-8.8761,35.7595,-5.83395,739.7,610,656,46,0,Reefer,Produits laitiers,Chilled,0,0.66,256.3,687.0,7096.5,9.6,32.78026835730766,-6.91116477821886
S100011,2025-01-24,Casablanca,Casablanca-Settat,Kénitra,Rabat-Salé-Kénitra,33.5731,-7.5898,34.2541,-6.589,138.6,114,147,32,0,Dry Van,Agrumes,Ambient,0,0.65,39.4,105.6,1334.4,7.1,33.70659634393675,-7.0038648551034575
S100012,2025-03-14,Casablanca,Casablanca-Settat,Rabat,Rabat-Salé-Kénitra,33.5731,-7.5898,34.0209,-6.8416,90.5,89,127,38,0,Dry Van,Jus de fruits,Ambient,0,0.59,31.1,83.4,699.5,7.5,33.56836717896625,-6.967387209031879
S100013,2025-03-31,Casablanca,Casablanca-Settat,Kénitra,Rabat-Salé-Kénitra,33.5731,-7.5898,34.2541,-6.589,104.1,102,120,17,0,Reefer,Produits laitiers,Chilled,0,0.8,36.0,96.4,1263.5,5.3,33.68556892533659,-7.364594201859351
S100014,2025-04-21,Casablanca,Casablanca-Settat,Béni Mellal,Béni Mellal-Khénifra,33.5731,-7.5898,32.3373,-6.3498,148.5,125,76,-48,1,Dry Van,Export,Ambient,0,0.61,49.1,131.5,1291.9,10.3,32.55553914200043,-6.971397696980031
S100015,2025-02-12,Taroudant,Souss-Massa,Dakhla,Dakhla-Oued Ed-Dahab,30.4725,-8.8761,23.6848,-15.957,1077.1,1166,1212,46,0,Dry Van,Export,Ambient,0,0.79,381.1,1021.2,10337.7,12.6,25.1961033656279,-11.3989961509491
S100016,2025-08-07,Taroudant,Souss-Massa,Béni Mellal,Béni Mellal-Khénifra,30.4725,-8.8761,32.3373,-6.3498,342.2,286,365,79,0,Reefer,Viande,Chilled,0,0.73,104.1,278.9,3897.5,5.7,31.08819483489392,-7.69892358694479
S100017,2025-05-17,Agadir,Souss-Massa,Agadir Aït Melloul,Souss-Massa,30.4278,-9.5981,30.322,-9.373,23.9,24,38,14,1,Dry Van,Jus de fruits,Ambient,0,0.68,7.7,20.7,226.8,7.4,30.47032362219411,-9.755464205038598
S100018,2025-06-17,Agadir,Souss-Massa,Laâyoune,Laâyoune-Sakia El Hamra,30.4278,-9.5981,27.1517,-13.1997,483.8,384,361,-23,1,Reefer,Jus de fruits,Ambient,0,0.76,155.5,416.8,5461.0,4.2,28.36687541396582,-11.988113578051832
S100019,2025-08-19,Agadir,Souss-Massa,Fès,Fès-Meknès,30.4278,-9.5981,34.0181,-5.0078,558.4,471,494,23,0,Reefer,Viande,Chilled,0,0.83,184.8,495.2,5423.1,4.7,32.54161417437446,-6.9848428966044525
S100020,2025-03-10,Taroudant,Souss-Massa,Tanger,Tanger-Tétouan-Al Hoceïma,30.4725,-8.8761,35.7595,-5.83395,555.8,592,608,15,0,Reefer,Produits laitiers,Chilled,0,0.72,181.3,485.8,6478.0,10.3,34.527298807986725,-7.483742626975238
S100021,2025-06-26,Casablanca,Casablanca-Settat,Fès,Fès-Meknès,33.5731,-7.5898,34.0181,-5.0078,217.7,194,180,-14,1,Dry Van,Jus de fruits,Ambient,0,0.64,69.8,187.0,1916.3,7.8,33.872098130473574,-6.124050511901082
S100022,2025-05-08,Agadir,Souss-Massa,Laâyoune,Laâyoune-Sakia El Hamra,30.4278,-9.5981,27.1517,-13.1997,607.0,582,611,28,0,Dry Van,Agrumes,Ambient,0,0.7,204.0,546.6,4911.0,11.9,29.281101582869322,-10.66799852908722
S100023,2025-05-16,Taroudant,Souss-Massa,Rabat,Rabat-Salé-Kénitra,30.4725,-8.8761,34.0209,-6.8416,480.0,427,441,14,1,Dry Van,Jus de fruits,Ambient,0,0.57,136.9,366.9,3992.1,6.5,32.74242598591082,-7.462197847526497
S100024,2025-06-22,Agadir,Souss-Massa,Kénitra,Rabat-Salé-Kénitra,30.4278,-9.5981,34.2541,-6.589,571.4,539,577,38,0,Reefer,Primeurs,Chilled,0,0.9,169.0,453.0,6580.6,8.7,32.175447795756284,-8.098223186503567
S100025,2025-01-01,Agadir,Souss-Massa,Marrakech,Marrakech-Safi,30.4278,-9.5981,31.6295,-7.9811,210.8,202,234,32,0,Dry Van,Export,Ambient,0,0.84,62.8,168.3,1883.9,11.5,31.472878356192236,-8.467411171716424
S100026,2025-03-17,Casablanca,Casablanca-Settat,Béni Mellal,Béni Mellal-Khénifra,33.5731,-7.5898,32.3373,-6.3498,241.2,254,256,2,1,Reefer,Agro-alimentaire,Ambient,0,0.85,76.4,204.7,2678.5,7.3,33.0810530138779,-7.026814824269316
S100027,2025-02-25,Agadir,Souss-Massa,Meknès,Fès-Meknès,30.4278,-9.5981,33.8935,-5.5473,520.7,478,456,-22,1,Dry Van,Export,Ambient,0,0.85,151.7,406.6,4860.6,7.1,33.13336047366704,-8.409906002664243
S100028,2025-01-07,Agadir,Souss-Massa,Béni Mellal,Béni Mellal-Khénifra,30.4278,-9.5981,32.3373,-6.3498,401.3,356,367,10,1,Dry Van,Agro-alimentaire,Ambient,0,0.82,126.9,340.2,3600.1,9.2,31.47004911615573,-7.4226225358798015
S100029,2025-01-20,Taroudant,Souss-Massa,Fès,Fès-Meknès,30.4725,-8.8761,34.0181,-5.0078,484.6,486,480,-6,1,Reefer,Primeurs,Chilled,0,0.63,156.8,420.4,4804.9,8.4,32.87466165215304,-6.951132148571688
S100030,2025-07-08,Casablanca,Casablanca-Settat,Agadir Aït Melloul,Souss-Massa,33.5731,-7.5898,30.322,-9.373,488.7,522,543,20,0,Reefer,Produits laitiers,Chilled,0,0.75,169.0,452.9,5444.4,10.8,32.39822771220998,-8.85760871259529
S100031,2025-02-14,Taroudant,Souss-Massa,Fès,Fès-Meknès,30.4725,-8.8761,34.0181,-5.0078,587.3,584,616,32,0,Dry Van,Export,Ambient,0,0.57,208.5,558.7,5196.4,10.5,31.796310060511097,-7.1764068694997505
S100032,2025-07-11,Casablanca,Casablanca-Settat,Laâyoune,Laâyoune-Sakia El Hamra,33.5731,-7.5898,27.1517,-13.1997,1041.8,957,982,25,0,Dry Van,Agrumes,Ambient,0,0.59,311.7,835.3,10218.8,6.0,30.869478884365552,-9.640431265914263
S100033,2025-03-11,Casablanca,Casablanca-Settat,Meknès,Fès-Meknès,33.5731,-7.5898,33.8935,-5.5473,214.7,213,222,8,1,Reefer,Produits laitiers,Chilled,0,0.76,66.6,178.5,2461.7,11.4,33.69842944678465,-6.1996982462393655
S100034,2025-02-26,Agadir,Souss-Massa,Meknès,Fès-Meknès,30.4278,-9.5981,33.8935,-5.5473,546.7,467,507,40,0,Reefer,Viande,Chilled,0,0.68,157.1,421.0,5676.7,9.0,32.95041164196256,-7.9972468819822105
S100035,2025-06-02,Casablanca,Casablanca-Settat,Rabat,Rabat-Salé-Kénitra,33.5731,-7.5898,34.0209,-6.8416,88.6,74,85,10,1,Reefer,Primeurs,Chilled,0,0.77,30.2,81.0,916.9,12.4,33.81335287939304,-7.198082424581504
S100036,2025-07-03,Taroudant,Souss-Massa,Tanger,Tanger-Tétouan-Al Hoceïma,30.4725,-8.8761,35.7595,-5.83395,565.1,468,445,-22,1,Dry Van,Agro-alimentaire,Ambient,0,0.74,186.8,500.5,4266.4,10.4,31.931299488135345,-6.64163601352079
S100037,2025-07-01,Casablanca,Casablanca-Settat,Tanger,Tanger-Tétouan-Al Hoceïma,33.5731,-7.5898,35.7595,-5.83395,259.6,268,234,-34,1,Reefer,Primeurs,Chilled,0,0.86,76.1,204.0,3156.7,7.6,34.83520119246484,-6.3443947536593654
S100038,2025-04-23,Agadir,Souss-Massa,Laâyoune,Laâyoune-Sakia El Hamra,30.4278,-9.5981,27.1517,-13.1997,513.4,431,395,-36,1,Reefer,Produits laitiers,Chilled,0,0.79,167.4,448.5,5249.2,7.1,28.58546640948761,-11.033970700236445
S100039,2025-07-09,Taroudant,Souss-Massa,Laâyoune,Laâyoune-Sakia El Hamra,30.4725,-8.8761,27.1517,-13.1997,549.3,455,456,1,1,Reefer,Primeurs,Chilled,0,0.91,187.1,501.3,5932.4,10.2,27.925212667162988,-11.145380603292237
S100040,2025-07-12,Casablanca,Casablanca-Settat,Fès,Fès-Meknès,33.5731,-7.5898,34.0181,-5.0078,193.7,206,216,10,1,Reefer,Viande,Chilled,0,0.87,58.9,157.9,2053.4,6.0,33.62345006906318,-6.498235646419841
S100041,2025-02-04,Agadir,Souss-Massa,Dakhla,Dakhla-Oued Ed-Dahab,30.4278,-9.5981,23.6848,-15.957,1125.1,965,948,-17,1,Dry Van,Agrumes,Ambient,0,0.68,383.2,1026.9,8955.8,11.0,25.254099812929905,-12.653090645505472
S100042,2025-02-26,Agadir,Souss-Massa,Agadir Aït Melloul,Souss-Massa,30.4278,-9.5981,30.322,-9.373,31.4,28,54,26,0,Reefer,Primeurs,Chilled,0,0.93,9.9,26.5,390.3,8.0,30.468422340744453,-9.531559304569244
S100043,2025-07-21,Taroudant,Souss-Massa,Kénitra,Rabat-Salé-Kénitra,30.4725,-8.8761,34.2541,-6.589,620.4,506,528,22,0,Reefer,Produits laitiers,Chilled,0,0.59,190.4,510.1,7721.1,10.1,33.09094118967445,-6.98522856361599
S100044,2025-07-26,Taroudant,Souss-Massa,Kénitra,Rabat-Salé-Kénitra,30.4725,-8.8761,34.2541,-6.589,656.7,685,680,-5,1,Reefer,Viande,Chilled,0,0.71,190.4,510.3,6493.3,4.9,32.35985061560901,-7.798131835693203
S100045,2025-02-08,Casablanca,Casablanca-Settat,Tanger,Tanger-Tétouan-Al Hoceïma,33.5731,-7.5898,35.7595,-5.83395,305.5,257,241,-15,1,Reefer,Produits laitiers,Chilled,0,0.91,107.3,287.5,3555.6,9.5,34.69889288775027,-7.117941150291573
S100046,2025-01-05,Agadir,Souss-Massa,Béni Mellal,Béni Mellal-Khénifra,30.4278,-9.5981,32.3373,-6.3498,388.0,368,405,37,0,Reefer,Viande,Chilled,0,0.7,110.3,295.5,4128.7,7.4,31.3987401022047,-7.583257945337342
S100047,2025-08-27,Agadir,Souss-Massa,Fès,Fès-Meknès,30.4278,-9.5981,34.0181,-5.0078,555.5,505,496,-8,1,Reefer,Produits laitiers,Chilled,0,0.7,195.8,524.7,6198.0,10.0,32.13412960164713,-6.413736381229819
S100048,2025-05-18,Taroudant,Souss-Massa,Oujda,Oriental,30.4725,-8.8761,34.6814,-1.9086,619.9,656,618,-38,1,Dry Van,Jus de fruits,Ambient,0,0.73,174.7,468.1,4889.4,6.7,32.85493601343331,-3.7089291262871313
S100049,2025-03-29,Casablanca,Casablanca-Settat,Meknès,Fès-Meknès,33.5731,-7.5898,33.8935,-5.5473,171.1,151,140,-11,1,Reefer,Viande,Chilled,0,0.87,59.4,159.3,1930.5,5.7,33.63781942605077,-7.044706951527764
S100050,2025-08-16,Casablanca,Casablanca-Settat,Dakhla,Dakhla-Oued Ed-Dahab,33.5731,-7.5898,23.6848,-15.957,1309.1,1013,1037,23,0,Dry Van,Jus de fruits,Ambient,0,0.66,436.0,1168.5,12576.7,7.1,27.308503800087077,-13.134260590481922
S100051,2025-07-15,Casablanca,Casablanca-Settat,Marrakech,Marrakech-Safi,33.5731,-7.5898,31.6295,-7.9811,234.1,212,214,2,1,Reefer,Primeurs,Chilled,1,0.73,78.6,210.7,2835.1,5.6,32.69439385978289,-7.895020137267074
S100052,2025-03-14,Casablanca,Casablanca-Settat,Dakhla,Dakhla-Oued Ed-Dahab,33.5731,-7.5898,23.6848,-15.957,1178.5,1017,1044,27,0,Reefer,Primeurs,Chilled,0,0.86,382.2,1024.4,14227.3,11.3,29.65441551015465,-13.24793219405285
S100053,2025-03-25,Agadir,Souss-Massa,Oujda,Oriental,30.4278,-9.5981,34.6814,-1.9086,811.3,680,666,-14,1,Reefer,Primeurs,Chilled,0,0.92,283.0,758.3,8973.4,8.9,32.07979350019881,-5.4274210698912775
S100054,2025-06-26,Taroudant,Souss-Massa,Laâyoune,Laâyoune-Sakia El Hamra,30.4725,-8.8761,27.1517,-13.1997,597.7,529,508,-20,1,Dry Van,Export,Ambient,0,0.86,185.2,496.3,5569.9,14.2,29.50097254068819,-11.681275338973293
S100055,2025-01-02,Taroudant,Souss-Massa,Rabat,Rabat-Salé-Kénitra,30.4725,-8.8761,34.0209,-6.8416,394.8,398,404,5,1,Reefer,Viande,Chilled,0,0.73,117.7,315.3,4059.1,7.0,33.008189145767865,-8.175368811547662
S100056,2025-07-12,Agadir,Souss-Massa,Kénitra,Rabat-Salé-Kénitra,30.4278,-9.5981,34.2541,-6.589,535.7,467,457,-9,1,Reefer,Produits laitiers,Chilled,0,0.82,154.9,415.1,6691.9,5.9,32.56565225847155,-8.29019088606332
S100057,2025-05-25,Agadir,Souss-Massa,Béni Mellal,Béni Mellal-Khénifra,30.4278,-9.5981,32.3373,-6.3498,449.8,404,360,-43,1,Reefer,Produits laitiers,Chilled,0,0.87,158.5,424.9,4836.0,7.4,32.014567021874996,-7.2101389928802515
S100058,2025-04-29,Taroudant,Souss-Massa,Marrakech,Marrakech-Safi,30.4725,-8.8761,31.6295,-7.9811,196.1,212,237,25,0,Dry Van,Jus de fruits,Ambient,0,0.9,57.4,153.8,1968.7,10.4,30.953448793822208,-8.270169715861048
S100059,2025-06-09,Taroudant,Souss-Massa,Meknès,Fès-Meknès,30.4725,-8.8761,33.8935,-5.5473,550.0,567,558,-9,1,Dry Van,Jus de fruits,Ambient,0,0.82,154.3,413.5,5042.4,6.5,31.336514293373128,-7.737788666417375
S100060,2025-04-04,Taroudant,Souss-Massa,Béni Mellal,Béni Mellal-Khénifra,30.4725,-8.8761,32.3373,-6.3498,216.2,215,213,-1,1,Reefer,Primeurs,Chilled,0,0.68,65.3,175.0,2490.5,10.5,30.714570569266364,-7.775060713123259
S100061,2025-06-22,Taroudant,Souss-Massa,Agadir Aït Melloul,Souss-Massa,30.4725,-8.8761,30.322,-9.373,48.7,48,71,22,0,Reefer,Agrumes,Ambient,0,0.73,17.4,46.6,525.0,9.3,30.57829125031341,-9.15684207694204
S100062,2025-04-03,Casablanca,Casablanca-Settat,Meknès,Fès-Meknès,33.5731,-7.5898,33.8935,-5.5473,196.3,205,251,45,0,Reefer,Primeurs,Chilled,0,0.54,55.4,148.4,2278.3,10.4,33.57058317997084,-6.769589469178508
S100063,2025-03-13,Taroudant,Souss-Massa,Rabat,Rabat-Salé-Kénitra,30.4725,-8.8761,34.0209,-6.8416,356.2,319,304,-14,1,Dry Van,Agro-alimentaire,Ambient,0,0.82,111.9,300.0,3265.9,8.2,33.21534033268021,-7.501768357925671
S100064,2025-01-24,Agadir,Souss-Massa,Laâyoune,Laâyoune-Sakia El Hamra,30.4278,-9.5981,27.1517,-13.1997,410.3,406,421,14,1,Reefer,Primeurs,Chilled,0,0.93,116.1,311.2,4929.9,12.1,28.60408908296191,-12.213934418586184
S100065,2025-01-11,Agadir,Souss-Massa,Rabat,Rabat-Salé-Kénitra,30.4278,-9.5981,34.0209,-6.8416,460.6,435,359,-76,1,Reefer,Viande,Chilled,0,0.71,158.9,425.8,5297.5,9.7,33.019142238276814,-8.519479624976412
S100066,2025-08-22,Taroudant,Souss-Massa,Meknès,Fès-Meknès,30.4725,-8.8761,33.8935,-5.5473,605.7,536,551,15,0,Dry Van,Export,Ambient,0,0.81,172.0,460.9,5188.3,8.4,32.52539474917731,-7.7514329203090115
S100067,2025-02-05,Casablanca,Casablanca-Settat,Kénitra,Rabat-Salé-Kénitra,33.5731,-7.5898,34.2541,-6.589,123.8,109,128,18,0,Dry Van,Jus de fruits,Ambient,0,0.81,35.5,95.2,1159.6,4.9,34.01692701375581,-6.770499479934888
S100068,2025-07-12,Casablanca,Casablanca-Settat,Meknès,Fès-Meknès,33.5731,-7.5898,33.8935,-5.5473,190.6,157,139,-18,1,Reefer,Viande,Chilled,0,0.92,55.7,149.2,2212.3,8.1,33.78543740085396,-5.955749726859857
S100069,2025-03-03,Casablanca,Casablanca-Settat,Dakhla,Dakhla-Oued Ed-Dahab,33.5731,-7.5898,23.6848,-15.957,1323.5,1259,1269,9,1,Reefer,Produits laitiers,Chilled,0,0.7,371.3,995.2,13789.2,7.5,28.595846963718706,-10.459888725803665
S100070,2025-05-16,Casablanca,Casablanca-Settat,Fès,Fès-Meknès,33.5731,-7.5898,34.0181,-5.0078,275.5,224,220,-3,1,Reefer,Export,Ambient,0,0.84,87.5,234.5,3040.4,8.1,33.55036762652622,-6.152586669140747
S100071,2025-06-01,Casablanca,Casablanca-Settat,Fès,Fès-Meknès,33.5731,-7.5898,34.0181,-5.0078,310.2,286,258,-28,1,Dry Van,Jus de fruits,Ambient,0,0.96,102.1,273.7,2836.4,10.4,33.832879373259324,-6.740102815388946
S100072,2025-04-03,Taroudant,Souss-Massa,Meknès,Fès-Meknès,30.4725,-8.8761,33.8935,-5.5473,550.6,478,496,18,0,Dry Van,Agro-alimentaire,Ambient,0,0.62,158.6,425.0,5777.4,8.9,32.10782800037003,-6.827122155282633
S100073,2025-09-05,Casablanca,Casablanca-Settat,Dakhla,Dakhla-Oued Ed-Dahab,33.5731,-7.5898,23.6848,-15.957,1145.2,1012,1019,7,1,Dry Van,Agrumes,Ambient,0,0.84,379.3,1016.6,9101.1,10.5,30.176547978003576,-13.609634577800898
S100074,2025-08-13,Casablanca,Casablanca-Settat,Tanger,Tanger-Tétouan-Al Hoceïma,33.5731,-7.5898,35.7595,-5.83395,204.3,170,184,14,1,Dry Van,Agro-alimentaire,Ambient,0,0.62,70.3,188.4,1960.4,8.5,34.17867212087201,-6.337269495952168
S100075,2025-05-30,Agadir,Souss-Massa,Tanger,Tanger-Tétouan-Al Hoceïma,30.4278,-9.5981,35.7595,-5.83395,732.4,642,651,9,1,Reefer,Viande,Chilled,0,0.74,253.5,679.5,8517.8,7.8,33.43929179463868,-7.468402049693203
S100076,2025-04-11,Casablanca,Casablanca-Settat,Laâyoune,Laâyoune-Sakia El Hamra,33.5731,-7.5898,27.1517,-13.1997,834.3,832,846,14,1,Dry Van,Agrumes,Ambient,0,0.75,298.7,800.5,6479.7,9.5,29.168083331039465,-9.940483228768455
S100077,2025-06-13,Taroudant,Souss-Massa,Fès,Fès-Meknès,30.4725,-8.8761,34.0181,-5.0078,500.7,497,548,51,0,Reefer,Primeurs,Chilled,1,0.59,164.4,440.5,5415.5,8.2,33.01389947312702,-7.745025635782991
S100078,2025-08-14,Agadir,Souss-Massa,Tanger,Tanger-Tétouan-Al Hoceïma,30.4278,-9.5981,35.7595,-5.83395,716.0,668,693,25,0,Dry Van,Export,Ambient,0,0.64,217.0,581.4,6696.2,12.0,34.19970217377506,-8.201813736969656
S100079,2025-03-09,Agadir,Souss-Massa,Laâyoune,Laâyoune-Sakia El Hamra,30.4278,-9.5981,27.1517,-13.1997,551.4,471,434,-37,1,Reefer,Agro-alimentaire,Ambient,0,0.84,160.8,431.0,6608.4,8.9,28.1707785348197,-11.845887878837916
S100080,2025-05-04,Agadir,Souss-Massa,Meknès,Fès-Meknès,30.4278,-9.5981,33.8935,-5.5473,605.3,514,529,14,1,Reefer,Produits laitiers,Chilled,0,0.68,185.9,498.2,6811.1,7.3,32.08976854287419,-7.79769243319075
S100081,2025-08-08,Taroudant,Souss-Massa,Rabat,Rabat-Salé-Kénitra,30.4725,-8.8761,34.0209,-6.8416,445.0,439,485,45,0,Reefer,Viande,Chilled,0,0.66,159.7,428.0,4459.3,5.7,32.32307678070249,-7.938643243270833
S100082,2025-08-14,Agadir,Souss-Massa,Tanger,Tanger-Tétouan-Al Hoceïma,30.4278,-9.5981,35.7595,-5.83395,724.4,588,582,-6,1,Dry Van,Agrumes,Ambient,1,0.8,202.9,543.8,6959.6,9.3,34.49896695518805,-7.411437254183622
S100083,2025-01-20,Casablanca,Casablanca-Settat,Béni Mellal,Béni Mellal-Khénifra,33.5731,-7.5898,32.3373,-6.3498,172.9,150,158,7,1,Dry Van,Agro-alimentaire,Ambient,0,0.75,50.2,134.5,1451.1,7.0,32.80496342707473,-7.225557591513797
S100084,2025-06-05,Casablanca,Casablanca-Settat,Meknès,Fès-Meknès,33.5731,-7.5898,33.8935,-5.5473,178.4,182,226,44,0,Dry Van,Agro-alimentaire,Ambient,0,0.85,54.9,147.2,1735.7,11.5,33.488191251395726,-6.901708838152027
S100085,2025-01-05,Casablanca,Casablanca-Settat,Rabat,Rabat-Salé-Kénitra,33.5731,-7.5898,34.0209,-6.8416,73.0,66,41,-24,1,Reefer,Primeurs,Chilled,0,0.85,24.1,64.5,696.8,11.2,33.66352161339663,-7.110626541031564
S100086,2025-01-20,Casablanca,Casablanca-Settat,Tanger,Tanger-Tétouan-Al Hoceïma,33.5731,-7.5898,35.7595,-5.83395,341.9,373,321,-51,1,Reefer,Primeurs,Chilled,0,0.71,100.5,269.4,3670.5,7.4,35.38241919210915,-6.930646099404938
S100087,2025-02-03,Taroudant,Souss-Massa,Oujda,Oriental,30.4725,-8.8761,34.6814,-1.9086,808.1,800,769,-30,1,Dry Van,Agro-alimentaire,Ambient,0,0.85,241.0,645.8,6787.5,6.5,33.46456067807733,-5.28880722636893
S100088,2025-05-04,Taroudant,Souss-Massa,Oujda,Oriental,30.4725,-8.8761,34.6814,-1.9086,686.6,664,673,8,1,Reefer,Primeurs,Chilled,0,0.66,209.5,561.5,7419.3,8.6,32.118046548214274,-5.123865854558896
S100089,2025-01-31,Agadir,Souss-Massa,Rabat,Rabat-Salé-Kénitra,30.4278,-9.5981,34.0209,-6.8416,531.7,479,506,27,0,Dry Van,Export,Ambient,0,0.76,168.1,450.5,5310.9,8.8,31.709347354985006,-8.81803757753156
S100090,2025-07-05,Taroudant,Souss-Massa,Marrakech,Marrakech-Safi,30.4725,-8.8761,31.6295,-7.9811,164.1,165,181,15,0,Reefer,Viande,Chilled,0,0.59,54.9,147.2,1753.9,8.3,30.960268244800364,-8.163228716063132
S100091,2025-08-18,Casablanca,Casablanca-Settat,Laâyoune,Laâyoune-Sakia El Hamra,33.5731,-7.5898,27.1517,-13.1997,1239.8,1240,1256,15,0,Dry Van,Agro-alimentaire,Ambient,0,1.0,348.0,932.5,12264.1,5.2,29.938537190637096,-11.148990960261676
S100092,2025-03-15,Casablanca,Casablanca-Settat,Béni Mellal,Béni Mellal-Khénifra,33.5731,-7.5898,32.3373,-6.3498,219.3,209,214,5,1,Reefer,Primeurs,Chilled,0,0.82,70.3,188.4,2417.8,8.7,32.79939842239482,-6.737604669105359
S100093,2025-08-10,Casablanca,Casablanca-Settat,Meknès,Fès-Meknès,33.5731,-7.5898,33.8935,-5.5473,188.1,173,221,48,0,Reefer,Viande,Chilled,0,0.76,59.6,159.7,2255.9,2.4,33.87682371295187,-6.319093485158189
S100094,2025-07-29,Casablanca,Casablanca-Settat,Dakhla,Dakhla-Oued Ed-Dahab,33.5731,-7.5898,23.6848,-15.957,1386.0,1230,1264,34,0,Reefer,Viande,Chilled,0,0.83,412.9,1106.5,13791.5,6.2,26.18927725743268,-12.947272628785775
S100095,2025-05-08,Taroudant,Souss-Massa,Marrakech,Marrakech-Safi,30.4725,-8.8761,31.6295,-7.9811,179.6,162,218,55,0,Reefer,Agro-alimentaire,Ambient,0,0.73,63.6,170.5,1958.2,6.8,31.08235663479032,-8.326049389394841
S100096,2025-06-09,Casablanca,Casablanca-Settat,Rabat,Rabat-Salé-Kénitra,33.5731,-7.5898,34.0209,-6.8416,76.6,78,98,19,0,Dry Van,Jus de fruits,Ambient,0,0.82,26.6,71.4,796.4,6.6,33.84578158421266,-7.297165598149317
S100097,2025-05-11,Taroudant,Souss-Massa,Oujda,Oriental,30.4725,-8.8761,34.6814,-1.9086,787.3,746,770,24,0,Dry Van,Agro-alimentaire,Ambient,0,0.64,250.7,671.9,6468.0,6.6,33.42094807944532,-4.154545817836732
S100098,2025-03-25,Taroudant,Souss-Massa,Marrakech,Marrakech-Safi,30.4725,-8.8761,31.6295,-7.9811,123.8,127,132,5,1,Dry Van,Agrumes,Ambient,0,0.72,42.3,113.3,1227.6,8.0,31.29949663577047,-8.176637060871597
S100099,2025-06-28,Casablanca,Casablanca-Settat,Tanger,Tanger-Tétouan-Al Hoceïma,33.5731,-7.5898,35.7595,-5.83395,300.7,269,265,-4,1,Dry Van,Agro-alimentaire,Ambient,0,0.62,92.4,247.8,2595.5,10.0,35.14791915673169,-7.148392340631508
S100100,2025-05-27,Agadir,Souss-Massa,Dakhla,Dakhla-Oued Ed-Dahab,30.4278,-9.5981,23.6848,-15.957,1012.2,955,1034,79,0,Reefer,Primeurs,Chilled,0,0.76,317.1,849.9,10045.3,8.1,26.573112786450395,-11.94067791191501
S100101,2025-01-22,Taroudant,Souss-Massa,Marrakech,Marrakech-Safi,30.4725,-8.8761,31.6295,-7.9811,181.8,154,132,-21,1,Dry Van,Export,Ambient,0,0.8,51.7,138.4,1553.1,11.4,30.69276581462519,-8.159850743464457
S100102,2025-04-30,Agadir,Souss-Massa,Agadir Aït Melloul,Souss-Massa,30.4278,-9.5981,30.322,-9.373,31.0,29,6,-23,1,Dry Van,Jus de fruits,Ambient,0,0.68,9.3,24.9,265.8,8.3,30.217339523725045,-9.565723634227423
S100103,2025-03-09,Casablanca,Casablanca-Settat,Oujda,Oriental,33.5731,-7.5898,34.6814,-1.9086,507.0,409,430,21,0,Reefer,Agro-alimentaire,Ambient,0,0.74,148.5,397.9,6024.2,9.4,34.21915551913198,-4.1602561599599825
S100104,2025-07-23,Casablanca,Casablanca-Settat,Kénitra,Rabat-Salé-Kénitra,33.5731,-7.5898,34.2541,-6.589,117.7,104,93,-11,1,Dry Van,Jus de fruits,Ambient,0,0.49,42.2,113.1,1183.5,7.6,33.87345977931746,-7.426066031976953
S100105,2025-07-06,Casablanca,Casablanca-Settat,Marrakech,Marrakech-Safi,33.5731,-7.5898,31.6295,-7.9811,174.3,184,247,63,0,Dry Van,Agro-alimentaire,Ambient,0,0.83,59.0,158.1,1696.0,11.9,32.023802702561035,-7.613673155657574
S100106,2025-02-17,Taroudant,Souss-Massa,Béni Mellal,Béni Mellal-Khénifra,30.4725,-8.8761,32.3373,-6.3498,297.7,262,250,-12,1,Reefer,Produits laitiers,Chilled,0,0.78,92.6,248.3,3142.7,9.0,31.57019360248367,-6.891310135619986
S100107,2025-01-17,Taroudant,Souss-Massa,Kénitra,Rabat-Salé-Kénitra,30.4725,-8.8761,34.2541,-6.589,737.2,692,704,11,1,Reefer,Viande,Chilled,0,0.79,252.4,676.5,9107.4,5.4,33.289162504880885,-6.982418616892831
S100108,2025-01-13,Agadir,Souss-Massa,Béni Mellal,Béni Mellal-Khénifra,30.4278,-9.5981,32.3373,-6.3498,215.8,200,196,-4,1,Dry Van,Export,Ambient,0,0.76,76.8,205.7,2060.9,11.7,31.83403238190246,-8.333942875854726
S100109,2025-04-04,Taroudant,Souss-Massa,Meknès,Fès-Meknès,30.4725,-8.8761,33.8935,-5.5473,709.2,631,669,38,0,Dry Van,Export,Ambient,0,0.65,204.7,548.5,5562.4,10.7,32.92442152112473,-6.868723468469929
S100110,2025-04-18,Casablanca,Casablanca-Settat,Laâyoune,Laâyoune-Sakia El Hamra,33.5731,-7.5898,27.1517,-13.1997,921.3,824,794,-30,1,Dry Van,Agro-alimentaire,Ambient,0,0.62,281.3,754.0,8015.9,8.1,30.923823865631718,-12.121579727217318
S100111,2025-08-22,Casablanca,Casablanca-Settat,Marrakech,Marrakech-Safi,33.5731,-7.5898,31.6295,-7.9811,286.1,235,243,7,1,Reefer,Viande,Chilled,0,0.68,80.9,216.8,2919.9,4.6,32.76420850999491,-7.607601471186852
S100112,2025-05-18,Taroudant,Souss-Massa,Fès,Fès-Meknès,30.4725,-8.8761,34.0181,-5.0078,461.7,408,395,-12,1,Reefer,Produits laitiers,Chilled,0,0.63,157.1,421.1,4648.0,6.4,32.707975262167956,-6.531573710691782
S100113,2025-03-18,Taroudant,Souss-Massa,Dakhla,Dakhla-Oued Ed-Dahab,30.4725,-8.8761,23.6848,-15.957,900.7,836,847,10,1,Reefer,Primeurs,Chilled,0,0.81,323.7,867.5,8598.9,6.3,25.97196873300115,-12.325858611992938
S100114,2025-03-09,Casablanca,Casablanca-Settat,Marrakech,Marrakech-Safi,33.5731,-7.5898,31.6295,-7.9811,207.8,176,102,-73,1,Reefer,Agro-alimentaire,Ambient,0,0.77,71.2,190.7,2528.5,9.3,32.959397949145725,-7.502049214752337
S100115,2025-04-21,Taroudant,Souss-Massa,Laâyoune,Laâyoune-Sakia El Hamra,30.4725,-8.8761,27.1517,-13.1997,681.6,576,612,35,0,Dry Van,Agrumes,Ambient,0,0.83,199.3,534.0,6343.1,8.9,29.68034348977556,-10.89471680008507
S100116,2025-05-23,Casablanca,Casablanca-Settat,Béni Mellal,Béni Mellal-Khénifra,33.5731,-7.5898,32.3373,-6.3498,173.9,176,231,55,0,Dry Van,Jus de fruits,Ambient,0,0.78,53.3,142.8,1729.9,6.6,32.95373234248824,-6.897880270541382
S100117,2025-05-05,Agadir,Souss-Massa,Laâyoune,Laâyoune-Sakia El Hamra,30.4278,-9.5981,27.1517,-13.1997,488.8,384,419,35,0,Dry Van,Jus de fruits,Ambient,0,0.76,141.0,378.0,4298.8,5.7,28.321709179284333,-12.247412490986584
S100118,2025-01-21,Agadir,Souss-Massa,Dakhla,Dakhla-Oued Ed-Dahab,30.4278,-9.5981,23.6848,-15.957,790.1,692,693,0,1,Reefer,Viande,Chilled,0,0.76,234.9,629.4,8855.8,5.0,26.728894185257374,-13.734591250716752
S100119,2025-02-23,Casablanca,Casablanca-Settat,Dakhla,Dakhla-Oued Ed-Dahab,33.5731,-7.5898,23.6848,-15.957,1191.1,1143,1119,-23,1,Reefer,Agrumes,Ambient,0,0.74,411.2,1102.0,14331.2,10.4,28.233509982971416,-12.318170400828683
S100120,2025-05-24,Taroudant,Souss-Massa,Laâyoune,Laâyoune-Sakia El Hamra,30.4725,-8.8761,27.1517,-13.1997,646.9,585,577,-8,1,Reefer,Viande,Chilled,0,0.77,213.9,573.1,6287.3,6.2,29.1189813185747,-12.290901853151638
S100121,2025-03-01,Agadir,Souss-Massa,Rabat,Rabat-Salé-Kénitra,30.4278,-9.5981,34.0209,-6.8416,454.2,398,397,0,1,Reefer,Primeurs,Chilled,0,0.7,159.4,427.2,4837.9,8.8,32.539491591583186,-8.84879791392814
S100122,2025-02-05,Agadir,Souss-Massa,Meknès,Fès-Meknès,30.4278,-9.5981,33.8935,-5.5473,480.1,449,448,0,1,Reefer,Produits laitiers,Chilled,0,0.91,158.0,423.5,4567.7,8.6,31.683846978215332,-7.630970296098996
S100123,2025-02-18,Casablanca,Casablanca-Settat,Tanger,Tanger-Tétouan-Al Hoceïma,33.5731,-7.5898,35.7595,-5.83395,261.3,210,236,26,0,Reefer,Primeurs,Chilled,0,0.76,74.9,200.7,3209.0,8.7,35.065462033325886,-6.814706357342132
S100124,2025-01-05,Taroudant,Souss-Massa,Tanger,Tanger-Tétouan-Al Hoceïma,30.4725,-8.8761,35.7595,-5.83395,693.3,664,637,-27,1,Dry Van,Export,Ambient,1,0.64,233.2,624.9,6215.9,12.5,32.46037326063545,-6.678544579076472
S100125,2025-02-13,Taroudant,Souss-Massa,Kénitra,Rabat-Salé-Kénitra,30.4725,-8.8761,34.2541,-6.589,431.7,350,353,2,1,Dry Van,Export,Ambient,0,0.76,153.7,411.8,3587.8,12.3,32.18294549997171,-7.01409930520805
S100126,2025-07-20,Agadir,Souss-Massa,Kénitra,Rabat-Salé-Kénitra,30.4278,-9.5981,34.2541,-6.589,608.6,547,581,33,0,Reefer,Agrumes,Ambient,0,0.75,171.8,460.4,6920.4,9.1,32.04684985361428,-7.8232096526409665
S100127,2025-08-07,Agadir,Souss-Massa,Tanger,Tanger-Tétouan-Al Hoceïma,30.4278,-9.5981,35.7595,-5.83395,851.3,784,774,-9,1,Reefer,Export,Ambient,0,0.82,257.5,690.1,9382.3,12.2,32.050996083446734,-7.045491119789132
S100128,2025-02-24,Agadir,Souss-Massa,Laâyoune,Laâyoune-Sakia El Hamra,30.4278,-9.5981,27.1517,-13.1997,664.1,685,699,13,1,Reefer,Viande,Chilled,0,0.69,232.4,622.8,7788.3,4.9,28.643876378573655,-11.624989811027314
S100129,2025-02-13,Casablanca,Casablanca-Settat,Tanger,Tanger-Tétouan-Al Hoceïma,33.5731,-7.5898,35.7595,-5.83395,302.3,245,253,7,1,Reefer,Viande,Chilled,0,0.63,86.1,230.8,3440.7,5.7,35.33923563162738,-6.91261705739647
S100130,2025-08-28,Casablanca,Casablanca-Settat,Oujda,Oriental,33.5731,-7.5898,34.6814,-1.9086,534.5,503,557,53,0,Dry Van,Jus de fruits,Ambient,0,0.84,155.7,417.2,4180.5,5.3,33.89623972438857,-5.291484989699487
S100131,2025-08-04,Agadir,Souss-Massa,Tanger,Tanger-Tétouan-Al Hoceïma,30.4278,-9.5981,35.7595,-5.83395,665.0,663,697,34,0,Dry Van,Agrumes,Ambient,0,0.71,229.3,614.6,6930.8,7.9,32.43410928970544,-7.61805536751487
S100132,2025-07-25,Casablanca,Casablanca-Settat,Meknès,Fès-Meknès,33.5731,-7.5898,33.8935,-5.5473,215.5,222,246,23,0,Reefer,Produits laitiers,Chilled,1,0.97,64.7,173.5,2388.7,11.3,33.64937703236515,-6.5142999734291385
S100133,2025-06-28,Agadir,Souss-Massa,Dakhla,Dakhla-Oued Ed-Dahab,30.4278,-9.5981,23.6848,-15.957,1325.7,1271,1333,61,0,Reefer,Primeurs,Chilled,0,0.85,452.6,1213.0,13896.9,6.4,26.862537470089478,-13.69875870856504
S100134,2025-02-09,Agadir,Souss-Massa,Marrakech,Marrakech-Safi,30.4278,-9.5981,31.6295,-7.9811,224.8,219,268,49,0,Reefer,Primeurs,Chilled,0,0.63,74.6,200.0,2238.5,11.7,31.086392990626788,-8.628403924343509
S100135,2025-05-12,Agadir,Souss-Massa,Dakhla,Dakhla-Oued Ed-Dahab,30.4278,-9.5981,23.6848,-15.957,926.6,863,863,0,1,Dry Van,Jus de fruits,Ambient,0,0.68,261.6,701.1,8348.9,3.7,26.42367157191546,-11.673146081696489
S100136,2025-06-07,Taroudant,Souss-Massa,Rabat,Rabat-Salé-Kénitra,30.4725,-8.8761,34.0209,-6.8416,523.9,437,430,-6,1,Dry Van,Agro-alimentaire,Ambient,0,0.42,152.4,408.5,4345.4,8.0,32.05369877263106,-7.322670201684818
S100137,2025-05-21,Taroudant,Souss-Massa,Rabat,Rabat-Salé-Kénitra,30.4725,-8.8761,34.0209,-6.8416,406.6,328,354,26,0,Dry Van,Agrumes,Ambient,0,0.69,123.1,329.8,3978.1,8.7,32.83033045048831,-7.4737146116746445
S100138,2025-07-24,Taroudant,Souss-Massa,Fès,Fès-Meknès,30.4725,-8.8761,34.0181,-5.0078,528.4,480,459,-21,1,Dry Van,Agro-alimentaire,Ambient,0,0.63,179.9,482.2,5116.2,7.6,32.94357449552747,-5.982982653879502
S100139,2025-03-21,Agadir,Souss-Massa,Agadir Aït Melloul,Souss-Massa,30.4278,-9.5981,30.322,-9.373,23.8,25,22,-2,1,Reefer,Agro-alimentaire,Ambient,0,0.79,6.8,18.3,288.8,10.0,30.297588433319056,-9.529497437120705
S100140,2025-01-30,Agadir,Souss-Massa,Kénitra,Rabat-Salé-Kénitra,30.4278,-9.5981,34.2541,-6.589,597.4,540,538,-2,1,Reefer,Jus de fruits,Ambient,0,0.71,210.8,565.1,6757.8,5.3,32.50647547993659,-7.5191794288390055
S100141,2025-05-17,Casablanca,Casablanca-Settat,Laâyoune,Laâyoune-Sakia El Hamra,33.5731,-7.5898,27.1517,-13.1997,1209.9,1203,1216,12,1,Dry Van,Export,Ambient,0,0.63,370.5,992.9,10176.6,9.2,30.502720141782618,-11.345856805230024
S100142,2025-02-24,Agadir,Souss-Massa,Marrakech,Marrakech-Safi,30.4278,-9.5981,31.6295,-7.9811,226.5,209,228,18,0,Dry Van,Agro-alimentaire,Ambient,0,0.69,73.2,196.3,1782.5,5.9,31.544184770087483,-8.9212587990371
S100143,2025-06-16,Agadir,Souss-Massa,Rabat,Rabat-Salé-Kénitra,30.4278,-9.5981,34.0209,-6.8416,457.9,370,370,0,1,Reefer,Agrumes,Ambient,0,0.82,129.2,346.2,5537.2,8.4,32.39853386127984,-8.240409989540153
S100144,2025-04-28,Casablanca,Casablanca-Settat,Rabat,Rabat-Salé-Kénitra,33.5731,-7.5898,34.0209,-6.8416,84.5,71,81,9,1,Dry Van,Agro-alimentaire,Ambient,0,0.57,24.7,66.3,726.7,5.1,33.88663279007552,-7.081891596227521
S100145,2025-07-18,Casablanca,Casablanca-Settat,Tanger,Tanger-Tétouan-Al Hoceïma,33.5731,-7.5898,35.7595,-5.83395,279.1,250,261,11,1,Reefer,Produits laitiers,Chilled,0,0.86,87.4,234.3,2985.1,4.3,34.62269359018075,-6.220478255663311
S100146,2025-05-30,Agadir,Souss-Massa,Rabat,Rabat-Salé-Kénitra,30.4278,-9.5981,34.0209,-6.8416,518.2,505,531,26,0,Reefer,Primeurs,Chilled,0,0.79,163.2,437.4,6095.8,6.0,31.819883696782366,-8.26996003542859
S100147,2025-02-14,Taroudant,Souss-Massa,Meknès,Fès-Meknès,30.4725,-8.8761,33.8935,-5.5473,438.7,393,427,34,0,Dry Van,Jus de fruits,Ambient,0,0.71,145.7,390.4,3392.7,11.7,32.98775640546891,-6.431113479747943
S100148,2025-08-08,Agadir,Souss-Massa,Béni Mellal,Béni Mellal-Khénifra,30.4278,-9.5981,32.3373,-6.3498,426.8,436,473,36,0,Reefer,Viande,Chilled,0,0.69,126.0,337.8,4445.0,1.0,31.89153526210976,-8.36454656564665
S100149,2025-05-16,Taroudant,Souss-Massa,Dakhla,Dakhla-Oued Ed-Dahab,30.4725,-8.8761,23.6848,-15.957,1367.4,1226,1249,22,0,Dry Van,Export,Ambient,0,0.78,441.7,1183.8,13155.4,9.2,26.20574451977903,-14.008535326449596
S100150,2025-07-29,Taroudant,Souss-Massa,Kénitra,Rabat-Salé-Kénitra,30.4725,-8.8761,34.2541,-6.589,524.3,426,455,29,0,Dry Van,Agrumes,Ambient,0,0.51,168.3,450.9,4917.6,9.2,32.80122191839525,-8.229281947764207
S100151,2025-08-23,Taroudant,Souss-Massa,Fès,Fès-Meknès,30.4725,-8.8761,34.0181,-5.0078,499.4,412,389,-22,1,Dry Van,Export,Ambient,0,0.89,151.7,406.5,5200.3,12.4,32.87818071241601,-6.378944621493688
S100152,2025-08-28,Taroudant,Souss-Massa,Fès,Fès-Meknès,30.4725,-8.8761,34.0181,-5.0078,629.5,679,703,23,0,Reefer,Primeurs,Chilled,0,0.91,206.6,553.7,6892.3,10.1,33.13071874209994,-7.629426916185353
S100153,2025-07-17,Casablanca,Casablanca-Settat,Agadir Aït Melloul,Souss-Massa,33.5731,-7.5898,30.322,-9.373,355.8,311,262,-48,1,Reefer,Viande,Chilled,0,0.79,124.8,334.5,3477.4,9.8,31.2085955458312,-8.342390431120297
S100154,2025-04-11,Agadir,Souss-Massa,Meknès,Fès-Meknès,30.4278,-9.5981,33.8935,-5.5473,441.6,399,377,-21,1,Dry Van,Agro-alimentaire,Ambient,0,0.75,142.9,382.9,3605.2,7.9,32.85051188271699,-6.609793546622742
S100155,2025-06-30,Agadir,Souss-Massa,Marrakech,Marrakech-Safi,30.4278,-9.5981,31.6295,-7.9811,219.7,196,160,-36,1,Reefer,Produits laitiers,Chilled,0,0.83,64.8,173.8,2454.7,9.2,31.055881016917382,-8.644981472621366
S100156,2025-08-22,Taroudant,Souss-Massa,Dakhla,Dakhla-Oued Ed-Dahab,30.4725,-8.8761,23.6848,-15.957,702.6,655,633,-22,1,Reefer,Jus de fruits,Ambient,0,0.73,211.6,567.0,7341.1,8.5,25.457571649649793,-13.843301760078708
S100157,2025-06-19,Casablanca,Casablanca-Settat,Laâyoune,Laâyoune-Sakia El Hamra,33.5731,-7.5898,27.1517,-13.1997,970.8,906,913,6,1,Reefer,Viande,Chilled,0,0.88,298.0,798.7,11519.4,5.2,29.902127459110694,-12.11647533161198
S100158,2025-01-30,Agadir,Souss-Massa,Rabat,Rabat-Salé-Kénitra,30.4278,-9.5981,34.0209,-6.8416,439.5,351,355,3,1,Dry Van,Export,Ambient,0,0.87,157.4,421.9,3542.6,10.8,31.87017935858443,-8.228350242771478
S100159,2025-01-27,Agadir,Souss-Massa,Agadir Aït Melloul,Souss-Massa,30.4278,-9.5981,30.322,-9.373,23.6,23,36,13,1,Reefer,Primeurs,Chilled,0,0.73,6.9,18.6,261.7,7.4,30.24254814836527,-9.459853684946987
S100160,2025-03-06,Casablanca,Casablanca-Settat,Oujda,Oriental,33.5731,-7.5898,34.6814,-1.9086,469.1,451,475,23,0,Dry Van,Jus de fruits,Ambient,0,0.55,137.4,368.1,3582.5,6.4,33.962084252598025,-5.971524855193028
S100161,2025-07-10,Taroudant,Souss-Massa,Tanger,Tanger-Tétouan-Al Hoceïma,30.4725,-8.8761,35.7595,-5.83395,438.9,384,352,-32,1,Dry Van,Agrumes,Ambient,0,0.84,144.7,387.7,3425.8,9.9,32.49316838524135,-6.83229947022692
S100162,2025-08-03,Casablanca,Casablanca-Settat,Agadir Aït Melloul,Souss-Massa,33.5731,-7.5898,30.322,-9.373,551.1,493,487,-6,1,Reefer,Viande,Chilled,0,0.57,175.6,470.6,5885.4,5.4,32.49598253527738,-8.68437565785318
S100163,2025-08-15,Agadir,Souss-Massa,Meknès,Fès-Meknès,30.4278,-9.5981,33.8935,-5.5473,677.1,724,730,6,1,Reefer,Produits laitiers,Chilled,0,0.78,241.6,647.4,7722.5,9.8,32.57380053631803,-7.0167241016964566
S100164,2025-01-13,Taroudant,Souss-Massa,Marrakech,Marrakech-Safi,30.4725,-8.8761,31.6295,-7.9811,190.7,160,188,27,0,Reefer,Produits laitiers,Chilled,0,0.52,64.3,172.2,2285.0,11.2,31.201034772540048,-8.398523052462734
S100165,2025-05-15,Casablanca,Casablanca-Settat,Fès,Fès-Meknès,33.5731,-7.5898,34.0181,-5.0078,273.2,228,236,8,1,Reefer,Primeurs,Chilled,0,0.85,79.7,213.6,2851.6,9.9,33.81749627772436,-6.777899926074432
S100166,2025-08-21,Taroudant,Souss-Massa,Marrakech,Marrakech-Safi,30.4725,-8.8761,31.6295,-7.9811,148.4,125,122,-3,1,Reefer,Produits laitiers,Chilled,0,0.64,44.5,119.3,1661.3,6.6,31.25541958354805,-8.835312823811059
S100167,2025-06-12,Casablanca,Casablanca-Settat,Oujda,Oriental,33.5731,-7.5898,34.6814,-1.9086,442.4,380,365,-14,1,Dry Van,Agro-alimentaire,Ambient,0,0.84,147.5,395.4,3636.4,9.1,34.274750570842,-3.673568554838201
S100168,2025-07-07,Agadir,Souss-Massa,Béni Mellal,Béni Mellal-Khénifra,30.4278,-9.5981,32.3373,-6.3498,352.7,349,341,-8,1,Reefer,Viande,Chilled,0,0.9,102.7,275.2,3689.7,4.4,31.688566416465125,-7.900851881182501
S100169,2025-04-17,Casablanca,Casablanca-Settat,Fès,Fès-Meknès,33.5731,-7.5898,34.0181,-5.0078,228.9,226,265,39,0,Reefer,Produits laitiers,Chilled,0,0.74,82.3,220.6,2188.8,9.0,33.884390139550284,-6.1984766839634275
S100170,2025-04-21,Agadir,Souss-Massa,Kénitra,Rabat-Salé-Kénitra,30.4278,-9.5981,34.2541,-6.589,553.0,454,412,-42,1,Reefer,Viande,Chilled,0,0.7,194.4,520.9,5462.1,4.9,33.24748727099343,-8.199256747550958
S100171,2025-04-27,Agadir,Souss-Massa,Laâyoune,Laâyoune-Sakia El Hamra,30.4278,-9.5981,27.1517,-13.1997,454.9,434,466,32,0,Reefer,Produits laitiers,Chilled,0,0.6,154.9,415.0,4957.4,7.3,29.235800275437825,-10.853993525601961
S100172,2025-08-30,Agadir,Souss-Massa,Meknès,Fès-Meknès,30.4278,-9.5981,33.8935,-5.5473,637.0,565,547,-17,1,Reefer,Agrumes,Ambient,0,0.77,213.4,572.0,6563.3,8.9,32.907676800778816,-6.525970658229492
S100173,2025-04-04,Casablanca,Casablanca-Settat,Meknès,Fès-Meknès,33.5731,-7.5898,33.8935,-5.5473,210.3,193,190,-2,1,Reefer,Viande,Chilled,1,0.87,60.7,162.7,2173.5,6.0,33.98597583762018,-6.542664816389851
S100174,2025-08-19,Taroudant,Souss-Massa,Fès,Fès-Meknès,30.4725,-8.8761,34.0181,-5.0078,594.9,551,553,2,1,Reefer,Viande,Chilled,0,0.75,192.6,516.2,6032.3,7.5,32.29761690055983,-6.7884922032739885
S100175,2025-08-23,Agadir,Souss-Massa,Kénitra,Rabat-Salé-Kénitra,30.4278,-9.5981,34.2541,-6.589,434.7,407,448,40,0,Reefer,Produits laitiers,Chilled,0,0.85,139.3,373.4,4583.0,5.4,33.450983859648275,-8.414105322096814
S100176,2025-01-18,Agadir,Souss-Massa,Oujda,Oriental,30.4278,-9.5981,34.6814,-1.9086,1132.5,1199,1191,-8,1,Reefer,Produits laitiers,Chilled,0,0.78,319.7,856.8,11465.6,9.3,33.47003292087925,-4.933727373473353
S100177,2025-01-06,Agadir,Souss-Massa,Fès,Fès-Meknès,30.4278,-9.5981,34.0181,-5.0078,715.5,746,749,2,1,Dry Van,Jus de fruits,Ambient,0,0.69,211.2,565.9,6105.8,9.1,32.24772430240392,-6.664182258299925
S100178,2025-03-21,Taroudant,Souss-Massa,Dakhla,Dakhla-Oued Ed-Dahab,30.4725,-8.8761,23.6848,-15.957,1036.3,996,1011,15,0,Dry Van,Agro-alimentaire,Ambient,0,0.62,291.9,782.3,8757.3,9.8,26.832570881703965,-14.547776276909978
S100179,2025-02-19,Agadir,Souss-Massa,Rabat,Rabat-Salé-Kénitra,30.4278,-9.5981,34.0209,-6.8416,459.6,470,440,-29,1,Reefer,Viande,Chilled,0,0.88,153.5,411.3,5547.0,2.7,33.32540368075122,-7.498075047848477
S100180,2025-07-02,Agadir,Souss-Massa,Béni Mellal,Béni Mellal-Khénifra,30.4278,-9.5981,32.3373,-6.3498,471.2,431,442,11,1,Reefer,Produits laitiers,Chilled,0,0.75,145.3,389.4,5281.8,6.7,31.786464364363376,-7.580101704503453
S100181,2025-03-18,Agadir,Souss-Massa,Marrakech,Marrakech-Safi,30.4278,-9.5981,31.6295,-7.9811,278.3,249,265,16,0,Dry Van,Agrumes,Ambient,0,0.69,78.3,209.8,2752.0,10.8,30.86210625795146,-8.674484970762101
S100182,2025-04-16,Taroudant,Souss-Massa,Rabat,Rabat-Salé-Kénitra,30.4725,-8.8761,34.0209,-6.8416,462.6,505,524,18,0,Reefer,Jus de fruits,Ambient,0,0.83,160.7,430.7,5072.6,7.3,33.05174575810027,-7.161798574880137
S100183,2025-08-21,Taroudant,Souss-Massa,Agadir Aït Melloul,Souss-Massa,30.4725,-8.8761,30.322,-9.373,36.6,33,60,27,0,Dry Van,Export,Ambient,0,0.6,11.5,30.7,303.5,11.5,30.42612072763874,-9.370541732493876
S100184,2025-08-09,Casablanca,Casablanca-Settat,Oujda,Oriental,33.5731,-7.5898,34.6814,-1.9086,405.4,386,429,43,0,Dry Van,Agro-alimentaire,Ambient,0,0.66,130.8,350.6,3402.1,10.2,33.95700106348079,-4.746845051494862
S100185,2025-07-02,Agadir,Souss-Massa,Kénitra,Rabat-Salé-Kénitra,30.4278,-9.5981,34.2541,-6.589,572.7,537,501,-36,1,Dry Van,Agrumes,Ambient,0,0.76,168.9,452.8,4519.8,8.9,32.01239960692849,-7.265300145351459
S100186,2025-06-25,Casablanca,Casablanca-Settat,Kénitra,Rabat-Salé-Kénitra,33.5731,-7.5898,34.2541,-6.589,118.9,107,94,-13,1,Reefer,Produits laitiers,Chilled,1,0.77,40.3,107.9,1451.3,11.3,33.640397713815844,-6.997996586029733
S100187,2025-06-15,Casablanca,Casablanca-Settat,Dakhla,Dakhla-Oued Ed-Dahab,33.5731,-7.5898,23.6848,-15.957,1276.3,995,1025,29,0,Dry Van,Export,Ambient,0,0.73,449.7,1205.3,12588.8,8.1,30.54175834392197,-11.38035946977758
S100188,2025-07-21,Casablanca,Casablanca-Settat,Dakhla,Dakhla-Oued Ed-Dahab,33.5731,-7.5898,23.6848,-15.957,1459.8,1296,1330,33,0,Reefer,Viande,Chilled,0,0.83,474.6,1271.9,17028.5,5.0,30.516536220746357,-13.64526271465637
S100189,2025-03-29,Casablanca,Casablanca-Settat,Dakhla,Dakhla-Oued Ed-Dahab,33.5731,-7.5898,23.6848,-15.957,1636.2,1690,1682,-7,1,Dry Van,Jus de fruits,Ambient,0,0.6,534.0,1431.2,14207.7,4.5,28.863575215466163,-14.014387597844687
S100190,2025-05-30,Taroudant,Souss-Massa,Agadir Aït Melloul,Souss-Massa,30.4725,-8.8761,30.322,-9.373,53.7,53,76,22,0,Dry Van,Jus de fruits,Ambient,0,0.83,17.1,45.9,561.5,5.9,30.51020673932073,-9.143920175443233
S100191,2025-01-05,Casablanca,Casablanca-Settat,Agadir Aït Melloul,Souss-Massa,33.5731,-7.5898,30.322,-9.373,410.5,363,373,10,1,Dry Van,Export,Ambient,1,0.83,138.8,372.1,4328.8,13.9,31.392470485524644,-8.291234394444782
S100192,2025-08-08,Taroudant,Souss-Massa,Marrakech,Marrakech-Safi,30.4725,-8.8761,31.6295,-7.9811,177.0,150,158,8,1,Reefer,Produits laitiers,Chilled,0,0.79,63.5,170.1,1983.0,2.6,31.105107439796193,-8.482789885929304
S100193,2025-03-18,Taroudant,Souss-Massa,Agadir Aït Melloul,Souss-Massa,30.4725,-8.8761,30.322,-9.373,60.3,49,78,29,0,Reefer,Agrumes,Ambient,0,0.84,17.5,46.8,733.4,11.5,30.238624498352525,-9.19666318720817
S100194,2025-08-22,Agadir,Souss-Massa,Laâyoune,Laâyoune-Sakia El Hamra,30.4278,-9.5981,27.1517,-13.1997,430.0,375,399,24,0,Dry Van,Jus de fruits,Ambient,0,0.82,138.1,370.2,3418.0,8.8,28.875449524989417,-10.84641940111104
S100195,2025-03-17,Taroudant,Souss-Massa,Agadir Aït Melloul,Souss-Massa,30.4725,-8.8761,30.322,-9.373,59.2,54,81,26,0,Dry Van,Jus de fruits,Ambient,0,0.74,17.2,46.0,538.5,8.6,30.45045901183435,-8.964373929182333
S100196,2025-01-07,Agadir,Souss-Massa,Fès,Fès-Meknès,30.4278,-9.5981,34.0181,-5.0078,546.7,518,527,8,1,Reefer,Produits laitiers,Chilled,0,0.67,158.1,423.7,6647.0,11.5,32.67237790929329,-7.497541576211506
S100197,2025-05-01,Agadir,Souss-Massa,Rabat,Rabat-Salé-Kénitra,30.4278,-9.5981,34.0209,-6.8416,509.1,447,458,10,1,Reefer,Export,Ambient,0,0.86,149.4,400.4,5716.3,9.6,31.73055447248378,-8.024092119012142
S100198,2025-08-14,Casablanca,Casablanca-Settat,Rabat,Rabat-Salé-Kénitra,33.5731,-7.5898,34.0209,-6.8416,75.5,74,63,-10,1,Dry Van,Export,Ambient,0,0.71,25.9,69.3,740.9,7.9,34.04945386406118,-7.127953396987876
S100199,2025-08-02,Casablanca,Casablanca-Settat,Laâyoune,Laâyoune-Sakia El Hamra,33.5731,-7.5898,27.1517,-13.1997,1124.8,873,895,22,0,Dry Van,Agrumes,Ambient,0,0.84,362.3,971.1,11068.1,8.4,31.087220941173197,-11.413719567757319
S100200,2025-03-27,Agadir,Souss-Massa,Tanger,Tanger-Tétouan-Al Hoceïma,30.4278,-9.5981,35.7595,-5.83395,613.5,600,600,0,1,Dry Van,Export,Ambient,0,0.51,217.5,582.9,5963.8,10.9,33.04421815330615,-7.414349950381925
S100201,2025-06-08,Taroudant,Souss-Massa,Agadir Aït Melloul,Souss-Massa,30.4725,-8.8761,30.322,-9.373,39.5,40,31,-9,1,Reefer,Primeurs,Chilled,0,0.74,13.9,37.1,394.4,12.1,30.425978132366378,-9.068684231699734
S100202,2025-04-18,Agadir,Souss-Massa,Oujda,Oriental,30.4278,-9.5981,34.6814,-1.9086,1205.6,1076,1076,0,1,Reefer,Produits laitiers,Chilled,0,0.79,361.2,968.0,14737.7,10.2,32.66683513880395,-6.806685674028463
S100203,2025-08-09,Agadir,Souss-Massa,Agadir Aït Melloul,Souss-Massa,30.4278,-9.5981,30.322,-9.373,30.1,29,66,36,0,Dry Van,Agrumes,Ambient,0,0.78,10.2,27.3,241.8,9.0,30.076216996624723,-9.290851182988272
S100204,2025-02-26,Casablanca,Casablanca-Settat,Agadir Aït Melloul,Souss-Massa,33.5731,-7.5898,30.322,-9.373,301.5,288,246,-41,1,Dry Van,Export,Ambient,0,0.63,89.9,240.9,2996.4,11.5,32.019873591426325,-8.910539356417862
S100205,2025-02-21,Casablanca,Casablanca-Settat,Kénitra,Rabat-Salé-Kénitra,33.5731,-7.5898,34.2541,-6.589,110.2,108,88,-20,1,Dry Van,Agrumes,Ambient,0,0.41,32.6,87.4,1002.7,10.3,34.30902634971882,-7.330632001135604
S100206,2025-09-05,Casablanca,Casablanca-Settat,Fès,Fès-Meknès,33.5731,-7.5898,34.0181,-5.0078,260.5,206,255,48,0,Dry Van,Jus de fruits,Ambient,0,0.53,79.9,214.1,2659.4,4.8,33.72540406842041,-5.561087720393155
S100207,2025-07-03,Taroudant,Souss-Massa,Laâyoune,Laâyoune-Sakia El Hamra,30.4725,-8.8761,27.1517,-13.1997,612.0,554,583,29,0,Reefer,Produits laitiers,Chilled,0,0.79,215.1,576.5,6410.4,12.3,27.924322635687528,-10.51481769769825
S100208,2025-05-02,Agadir,Souss-Massa,Fès,Fès-Meknès,30.4278,-9.5981,34.0181,-5.0078,620.3,536,541,4,1,Dry Van,Export,Ambient,0,0.66,206.8,554.3,4954.0,8.6,32.6503369027301,-6.8424668768231305
S100209,2025-05-21,Taroudant,Souss-Massa,Agadir Aït Melloul,Souss-Massa,30.4725,-8.8761,30.322,-9.373,47.1,41,25,-15,1,Reefer,Primeurs,Chilled,0,0.73,14.7,39.4,538.1,10.1,30.60094706561877,-9.062633887321962
S100210,2025-03-18,Agadir,Souss-Massa,Dakhla,Dakhla-Oued Ed-Dahab,30.4278,-9.5981,23.6848,-15.957,802.6,767,796,28,0,Dry Van,Agrumes,Ambient,0,0.64,274.3,735.1,7587.8,11.4,27.96260029244273,-13.534226263899091
S100211,2025-04-20,Agadir,Souss-Massa,Rabat,Rabat-Salé-Kénitra,30.4278,-9.5981,34.0209,-6.8416,486.7,456,447,-9,1,Dry Van,Jus de fruits,Ambient,0,0.85,157.7,422.6,4778.8,6.5,31.880971066061115,-8.197258257317753
S100212,2025-06-14,Taroudant,Souss-Massa,Laâyoune,Laâyoune-Sakia El Hamra,30.4725,-8.8761,27.1517,-13.1997,628.5,518,536,18,0,Reefer,Produits laitiers,Chilled,0,0.65,215.8,578.4,6450.5,8.7,28.949512569743437,-10.945899469417133
S100213,2025-07-19,Agadir,Souss-Massa,Laâyoune,Laâyoune-Sakia El Hamra,30.4278,-9.5981,27.1517,-13.1997,529.4,536,550,13,1,Reefer,Produits laitiers,Chilled,0,0.81,158.5,424.8,5360.3,7.1,29.325921162513602,-11.86016285761267
S100214,2025-03-27,Casablanca,Casablanca-Settat,Laâyoune,Laâyoune-Sakia El Hamra,33.5731,-7.5898,27.1517,-13.1997,891.5,743,750,6,1,Dry Van,Agrumes,Ambient,0,0.72,275.9,739.4,8742.7,9.2,29.724031242342843,-10.506206532327596
S100215,2025-07-06,Taroudant,Souss-Massa,Rabat,Rabat-Salé-Kénitra,30.4725,-8.8761,34.0209,-6.8416,451.3,402,421,18,0,Dry Van,Jus de fruits,Ambient,0,0.77,140.2,375.7,4406.6,8.4,31.718689525069394,-7.8121809799241735
S100216,2025-02-11,Casablanca,Casablanca-Settat,Dakhla,Dakhla-Oued Ed-Dahab,33.5731,-7.5898,23.6848,-15.957,1530.8,1288,1261,-27,1,Reefer,Agrumes,Ambient,0,0.91,454.9,1219.0,16751.9,8.8,27.256163485956368,-14.110514557403711
S100217,2025-08-19,Taroudant,Souss-Massa,Béni Mellal,Béni Mellal-Khénifra,30.4725,-8.8761,32.3373,-6.3498,314.5,333,297,-36,1,Dry Van,Agro-alimentaire,Ambient,0,0.72,88.3,236.7,2640.3,5.9,31.94166286517424,-7.124448752835759
S100218,2025-05-24,Agadir,Souss-Massa,Rabat,Rabat-Salé-Kénitra,30.4278,-9.5981,34.0209,-6.8416,392.6,344,348,4,1,Dry Van,Export,Ambient,0,0.57,115.3,309.1,3529.5,12.3,33.24995727838422,-8.540061551929703
S100219,2025-02-13,Agadir,Souss-Massa,Laâyoune,Laâyoune-Sakia El Hamra,30.4278,-9.5981,27.1517,-13.1997,409.3,358,417,58,0,Reefer,Primeurs,Chilled,0,0.78,127.8,342.5,4858.9,9.7,29.19585588002682,-11.715318392254419
S100220,2025-03-01,Taroudant,Souss-Massa,Kénitra,Rabat-Salé-Kénitra,30.4725,-8.8761,34.2541,-6.589,452.0,382,389,6,1,Reefer,Produits laitiers,Chilled,0,0.49,139.7,374.3,5360.3,6.8,32.25289225705785,-6.869701487808792
S100221,2025-03-24,Agadir,Souss-Massa,Agadir Aït Melloul,Souss-Massa,30.4278,-9.5981,30.322,-9.373,24.5,22,49,27,0,Reefer,Primeurs,Chilled,0,0.7,7.9,21.3,264.3,8.0,30.329291935063843,-9.485922112870464
S100222,2025-03-05,Agadir,Souss-Massa,Fès,Fès-Meknès,30.4278,-9.5981,34.0181,-5.0078,556.2,484,500,16,0,Dry Van,Export,Ambient,0,0.8,196.3,526.0,5781.3,16.3,32.51157229010156,-8.233113638257024
S100223,2025-06-06,Agadir,Souss-Massa,Oujda,Oriental,30.4278,-9.5981,34.6814,-1.9086,740.4,744,756,11,1,Dry Van,Agrumes,Ambient,0,0.77,216.3,579.7,6247.9,9.9,33.266508676105985,-7.061063389727827
S100224,2025-05-25,Agadir,Souss-Massa,Marrakech,Marrakech-Safi,30.4278,-9.5981,31.6295,-7.9811,180.0,172,195,22,0,Dry Van,Agrumes,Ambient,0,0.59,55.1,147.7,1617.7,8.8,31.043746185645155,-8.484242379048686
S100225,2025-05-14,Agadir,Souss-Massa,Rabat,Rabat-Salé-Kénitra,30.4278,-9.5981,34.0209,-6.8416,495.3,495,512,17,0,Reefer,Viande,Chilled,0,0.69,157.5,422.1,5869.8,2.8,32.536258385512035,-8.593322435953963
S100226,2025-02-05,Casablanca,Casablanca-Settat,Marrakech,Marrakech-Safi,33.5731,-7.5898,31.6295,-7.9811,211.0,195,204,8,1,Dry Van,Export,Ambient,0,0.73,63.3,169.7,2196.8,9.6,32.80591369800255,-7.531992090243145
S100227,2025-03-19,Agadir,Souss-Massa,Rabat,Rabat-Salé-Kénitra,30.4278,-9.5981,34.0209,-6.8416,517.4,510,554,43,0,Reefer,Primeurs,Chilled,0,0.8,167.2,448.1,5230.4,6.9,31.854442967319155,-8.74408622432025
S100228,2025-02-02,Agadir,Souss-Massa,Béni Mellal,Béni Mellal-Khénifra,30.4278,-9.5981,32.3373,-6.3498,296.4,249,269,20,0,Reefer,Produits laitiers,Chilled,0,0.92,91.1,244.3,3462.1,10.1,31.624013413151086,-7.18367125567081
S100229,2025-04-28,Agadir,Souss-Massa,Oujda,Oriental,30.4278,-9.5981,34.6814,-1.9086,816.6,864,869,5,1,Dry Van,Agro-alimentaire,Ambient,0,0.65,256.6,687.6,6873.2,7.5,31.78297238443269,-6.430327230742205
S100230,2025-08-04,Taroudant,Souss-Massa,Fès,Fès-Meknès,30.4725,-8.8761,34.0181,-5.0078,601.7,627,587,-40,1,Reefer,Produits laitiers,Chilled,0,0.78,211.6,567.1,6985.7,5.5,32.39488656281321,-6.377142875270794
S100231,2025-08-12,Taroudant,Souss-Massa,Agadir Aït Melloul,Souss-Massa,30.4725,-8.8761,30.322,-9.373,54.2,46,57,10,1,Dry Van,Agrumes,Ambient,0,0.78,15.3,41.1,551.4,7.1,30.498301534135166,-8.895401310615895
S100232,2025-06-11,Taroudant,Souss-Massa,Tanger,Tanger-Tétouan-Al Hoceïma,30.4725,-8.8761,35.7595,-5.83395,629.8,574,593,19,0,Dry Van,Agrumes,Ambient,0,0.68,193.0,517.2,5117.7,13.6,32.22091688861011,-6.983051068285612
S100233,2025-02-15,Agadir,Souss-Massa,Tanger,Tanger-Tétouan-Al Hoceïma,30.4278,-9.5981,35.7595,-5.83395,752.6,621,628,6,1,Dry Van,Agro-alimentaire,Ambient,0,0.74,249.8,669.5,6702.6,9.1,32.770949473347194,-7.802669614792105
S100234,2025-06-18,Agadir,Souss-Massa,Marrakech,Marrakech-Safi,30.4278,-9.5981,31.6295,-7.9811,247.2,237,241,4,1,Dry Van,Agro-alimentaire,Ambient,0,0.68,75.4,202.0,1980.6,8.7,30.780341498987845,-8.305883582792216
S100235,2025-04-27,Agadir,Souss-Massa,Dakhla,Dakhla-Oued Ed-Dahab,30.4278,-9.5981,23.6848,-15.957,1051.1,1068,1077,9,1,Dry Van,Jus de fruits,Ambient,0,0.64,341.4,914.9,8479.3,8.6,28.218672872769986,-13.973947137799573
S100236,2025-08-08,Taroudant,Souss-Massa,Marrakech,Marrakech-Safi,30.4725,-8.8761,31.6295,-7.9811,150.3,147,148,1,1,Dry Van,Export,Ambient,0,0.7,44.2,118.4,1238.4,11.2,30.759607377441565,-8.256108516319749
S100237,2025-05-23,Casablanca,Casablanca-Settat,Kénitra,Rabat-Salé-Kénitra,33.5731,-7.5898,34.2541,-6.589,135.7,150,138,-11,1,Reefer,Export,Ambient,0,0.9,46.7,125.1,1636.9,11.6,34.02091576070282,-6.875251760847382
S100238,2025-02-15,Agadir,Souss-Massa,Marrakech,Marrakech-Safi,30.4278,-9.5981,31.6295,-7.9811,213.3,232,241,9,1,Dry Van,Jus de fruits,Ambient,0,0.62,65.6,175.7,2038.9,8.0,31.214541663540462,-8.817349739094048
S100239,2025-04-16,Agadir,Souss-Massa,Oujda,Oriental,30.4278,-9.5981,34.6814,-1.9086,719.9,678,712,33,0,Dry Van,Agrumes,Ambient,0,0.65,237.7,637.0,7030.7,9.0,31.961307228368693,-4.772801994348347
S100240,2025-02-12,Agadir,Souss-Massa,Agadir Aït Melloul,Souss-Massa,30.4278,-9.5981,30.322,-9.373,21.0,18,-6,-24,1,Dry Van,Agrumes,Ambient,0,0.81,6.4,17.1,198.6,8.8,30.3566581683309,-9.714013277420545
S100241,2025-04-07,Taroudant,Souss-Massa,Fès,Fès-Meknès,30.4725,-8.8761,34.0181,-5.0078,619.2,538,537,-1,1,Reefer,Primeurs,Chilled,1,0.7,191.5,513.2,6203.0,9.2,33.100756629112915,-6.461190384205212
S100242,2025-02-04,Casablanca,Casablanca-Settat,Agadir Aït Melloul,Souss-Massa,33.5731,-7.5898,30.322,-9.373,363.0,370,377,7,1,Reefer,Primeurs,Chilled,0,0.63,110.7,296.8,3536.2,11.5,32.6638442292403,-8.490540705569364
S100243,2025-04-06,Taroudant,Souss-Massa,Kénitra,Rabat-Salé-Kénitra,30.4725,-8.8761,34.2541,-6.589,435.4,440,497,56,0,Dry Van,Export,Ambient,0,0.83,147.7,395.8,4135.0,9.2,33.06859117680724,-7.0064871643381155
S100244,2025-04-23,Taroudant,Souss-Massa,Dakhla,Dakhla-Oued Ed-Dahab,30.4725,-8.8761,23.6848,-15.957,1063.2,1062,1075,13,1,Dry Van,Agro-alimentaire,Ambient,0,0.81,368.9,988.7,8394.0,9.7,25.92887421397888,-12.649848829648313
S100245,2025-07-03,Taroudant,Souss-Massa,Laâyoune,Laâyoune-Sakia El Hamra,30.4725,-8.8761,27.1517,-13.1997,511.0,411,428,17,0,Reefer,Agrumes,Ambient,0,0.9,174.8,468.4,6180.2,8.8,29.080114193907757,-10.715146732809666
S100246,2025-08-19,Agadir,Souss-Massa,Oujda,Oriental,30.4278,-9.5981,34.6814,-1.9086,712.8,583,620,36,0,Reefer,Viande,Chilled,0,0.79,210.7,564.6,7346.9,4.5,32.599459207461265,-6.929232993398511
S100247,2025-05-27,Casablanca,Casablanca-Settat,Tanger,Tanger-Tétouan-Al Hoceïma,33.5731,-7.5898,35.7595,-5.83395,285.8,273,297,24,0,Reefer,Viande,Chilled,0,0.6,99.4,266.3,3005.5,3.2,34.49902172081912,-6.580377456780941
S100248,2025-01-10,Taroudant,Souss-Massa,Kénitra,Rabat-Salé-Kénitra,30.4725,-8.8761,34.2541,-6.589,441.8,432,419,-12,1,Dry Van,Agrumes,Ambient,0,0.71,140.6,376.8,4104.4,8.4,33.10398411313064,-7.707841414159102
S100249,2025-07-21,Agadir,Souss-Massa,Tanger,Tanger-Tétouan-Al Hoceïma,30.4278,-9.5981,35.7595,-5.83395,636.4,518,515,-2,1,Dry Van,Agrumes,Ambient,0,0.87,202.7,543.3,5510.1,10.9,33.82971925215251,-6.634944277985537
S100250,2025-01-14,Casablanca,Casablanca-Settat,Tanger,Tanger-Tétouan-Al Hoceïma,33.5731,-7.5898,35.7595,-5.83395,288.1,256,279,23,0,Reefer,Produits laitiers,Chilled,0,0.74,100.9,270.4,3592.8,7.3,34.71632468882379,-6.60507758298235
S100251,2025-03-27,Casablanca,Casablanca-Settat,Oujda,Oriental,33.5731,-7.5898,34.6814,-1.9086,575.7,564,528,-35,1,Reefer,Primeurs,Chilled,0,0.73,178.1,477.2,7146.8,12.5,34.09228143963907,-3.142282873251153
S100252,2025-06-21,Agadir,Souss-Massa,Dakhla,Dakhla-Oued Ed-Dahab,30.4278,-9.5981,23.6848,-15.957,941.5,832,861,28,0,Reefer,Viande,Chilled,0,0.76,281.2,753.6,9391.7,1.7,27.588017643771195,-14.363789217330819
S100253,2025-01-02,Agadir,Souss-Massa,Fès,Fès-Meknès,30.4278,-9.5981,34.0181,-5.0078,602.7,612,578,-34,1,Dry Van,Agrumes,Ambient,0,0.83,180.1,482.7,4982.8,8.2,33.389297444289454,-7.476202564611481
S100254,2025-02-01,Agadir,Souss-Massa,Fès,Fès-Meknès,30.4278,-9.5981,34.0181,-5.0078,734.8,596,595,0,1,Reefer,Jus de fruits,Ambient,0,0.88,251.7,674.4,8629.9,9.2,32.4042535265741,-6.194555522991553
S100255,2025-05-23,Taroudant,Souss-Massa,Agadir Aït Melloul,Souss-Massa,30.4725,-8.8761,30.322,-9.373,43.0,35,42,7,1,Dry Van,Jus de fruits,Ambient,0,0.8,14.0,37.5,449.0,9.8,30.662225316014986,-9.267595328332057
S100256,2025-07-28,Taroudant,Souss-Massa,Rabat,Rabat-Salé-Kénitra,30.4725,-8.8761,34.0209,-6.8416,473.3,458,491,33,0,Reefer,Agrumes,Ambient,0,0.67,153.7,412.0,5044.6,6.2,32.418776671438,-7.886503432307398
S100257,2025-02-18,Agadir,Souss-Massa,Oujda,Oriental,30.4278,-9.5981,34.6814,-1.9086,676.3,710,719,9,1,Dry Van,Export,Ambient,0,0.87,194.7,521.8,6601.9,11.6,33.75042253091401,-5.901300547293024
S100258,2025-06-03,Agadir,Souss-Massa,Marrakech,Marrakech-Safi,30.4278,-9.5981,31.6295,-7.9811,177.0,167,176,9,1,Reefer,Viande,Chilled,0,0.99,50.6,135.5,1834.5,6.3,31.046011556489837,-8.530941204042211
S100259,2025-08-30,Taroudant,Souss-Massa,Oujda,Oriental,30.4725,-8.8761,34.6814,-1.9086,873.0,892,891,0,1,Dry Van,Export,Ambient,0,0.75,269.5,722.3,8060.7,8.6,32.96697080272837,-4.729256093289481
S100260,2025-08-27,Agadir,Souss-Massa,Béni Mellal,Béni Mellal-Khénifra,30.4278,-9.5981,32.3373,-6.3498,406.5,442,425,-17,1,Reefer,Primeurs,Chilled,0,0.69,145.1,388.9,4986.2,9.9,31.923126999049042,-8.48128370332292
S100261,2025-06-11,Taroudant,Souss-Massa,Rabat,Rabat-Salé-Kénitra,30.4725,-8.8761,34.0209,-6.8416,342.8,365,366,1,1,Reefer,Primeurs,Chilled,1,0.77,102.3,274.1,3926.8,9.7,31.913998479181735,-8.020126014594089
S100262,2025-08-02,Casablanca,Casablanca-Settat,Laâyoune,Laâyoune-Sakia El Hamra,33.5731,-7.5898,27.1517,-13.1997,845.2,803,827,24,0,Reefer,Primeurs,Chilled,0,0.72,239.9,642.9,10421.6,10.3,28.692563747041035,-9.695944627566744
S100263,2025-07-31,Taroudant,Souss-Massa,Rabat,Rabat-Salé-Kénitra,30.4725,-8.8761,34.0209,-6.8416,421.5,371,386,14,1,Reefer,Viande,Chilled,0,0.98,120.2,322.2,4289.0,1.0,31.707636124509946,-7.48342106544079
S100264,2025-03-24,Taroudant,Souss-Massa,Kénitra,Rabat-Salé-Kénitra,30.4725,-8.8761,34.2541,-6.589,487.2,468,485,16,0,Reefer,Jus de fruits,Ambient,0,0.88,166.6,446.4,5671.8,6.3,32.05277702062534,-7.580545243060253
S100265,2025-03-06,Taroudant,Souss-Massa,Agadir Aït Melloul,Souss-Massa,30.4725,-8.8761,30.322,-9.373,56.5,50,75,25,0,Dry Van,Agro-alimentaire,Ambient,0,0.76,17.5,47.0,451.9,8.7,30.600550034038665,-8.95279633675743
S100266,2025-07-25,Agadir,Souss-Massa,Rabat,Rabat-Salé-Kénitra,30.4278,-9.5981,34.0209,-6.8416,480.3,426,424,-2,1,Dry Van,Jus de fruits,Ambient,0,0.83,164.7,441.4,4016.7,4.9,31.578603404268108,-8.18896738151919
S100267,2025-02-28,Taroudant,Souss-Massa,Kénitra,Rabat-Salé-Kénitra,30.4725,-8.8761,34.2541,-6.589,478.9,521,536,15,0,Reefer,Viande,Chilled,0,0.88,162.2,434.6,5933.8,1.6,31.916450421947616,-7.8066157280971975
S100268,2025-01-11,Casablanca,Casablanca-Settat,Marrakech,Marrakech-Safi,33.5731,-7.5898,31.6295,-7.9811,239.4,194,201,7,1,Dry Van,Export,Ambient,0,0.76,84.0,225.2,2099.1,12.3,32.82647300539373,-7.924646173958337
S100269,2025-06-30,Taroudant,Souss-Massa,Agadir Aït Melloul,Souss-Massa,30.4725,-8.8761,30.322,-9.373,43.5,37,52,15,0,Dry Van,Agrumes,Ambient,0,0.59,14.6,39.0,390.1,5.0,30.141568674506292,-9.016562320955035
S100270,2025-01-28,Agadir,Souss-Massa,Rabat,Rabat-Salé-Kénitra,30.4278,-9.5981,34.0209,-6.8416,384.3,349,362,13,1,Reefer,Produits laitiers,Chilled,0,0.71,109.3,293.0,3945.8,8.3,33.16613743139119,-7.9661764184208534
S100271,2025-06-06,Taroudant,Souss-Massa,Fès,Fès-Meknès,30.4725,-8.8761,34.0181,-5.0078,502.5,486,495,8,1,Reefer,Jus de fruits,Ambient,0,0.81,147.4,395.0,5855.8,8.1,31.806574824742608,-6.306673065592728
S100272,2025-01-09,Taroudant,Souss-Massa,Oujda,Oriental,30.4725,-8.8761,34.6814,-1.9086,916.6,886,937,51,0,Dry Van,Agrumes,Ambient,0,0.73,261.8,701.6,7655.1,12.3,32.84481922645681,-5.984047316697568
S100273,2025-09-05,Casablanca,Casablanca-Settat,Marrakech,Marrakech-Safi,33.5731,-7.5898,31.6295,-7.9811,264.4,241,239,-2,1,Reefer,Produits laitiers,Chilled,0,0.7,77.4,207.4,2552.3,8.3,32.810722622839215,-7.70105295229881
S100274,2025-08-14,Casablanca,Casablanca-Settat,Fès,Fès-Meknès,33.5731,-7.5898,34.0181,-5.0078,274.0,251,237,-13,1,Reefer,Primeurs,Chilled,0,0.88,87.5,234.6,2856.6,7.7,33.86689774606724,-5.60208932313396
S100275,2025-04-11,Agadir,Souss-Massa,Meknès,Fès-Meknès,30.4278,-9.5981,33.8935,-5.5473,651.5,545,584,38,0,Dry Van,Export,Ambient,0,0.52,206.2,552.6,6750.1,13.7,33.11146294762073,-7.80252955162022
S100276,2025-08-06,Taroudant,Souss-Massa,Laâyoune,Laâyoune-Sakia El Hamra,30.4725,-8.8761,27.1517,-13.1997,536.5,442,433,-9,1,Dry Van,Jus de fruits,Ambient,0,0.79,180.8,484.5,4484.5,5.6,29.074699578869488,-12.413580095700015
S100277,2025-06-22,Taroudant,Souss-Massa,Marrakech,Marrakech-Safi,30.4725,-8.8761,31.6295,-7.9811,102.2,94,130,36,0,Reefer,Primeurs,Chilled,0,0.88,32.8,88.0,1264.0,9.0,30.872682871395615,-8.244537258780237
S100278,2025-06-29,Casablanca,Casablanca-Settat,Agadir Aït Melloul,Souss-Massa,33.5731,-7.5898,30.322,-9.373,452.1,397,395,-2,1,Dry Van,Agrumes,Ambient,0,0.8,158.1,423.6,4397.1,7.9,31.055091277209982,-8.729383092641093
S100279,2025-02-24,Taroudant,Souss-Massa,Laâyoune,Laâyoune-Sakia El Hamra,30.4725,-8.8761,27.1517,-13.1997,547.0,488,518,29,0,Dry Van,Export,Ambient,0,0.76,192.7,516.5,4701.4,9.7,29.17080696849121,-11.721249966475982
S100280,2025-02-12,Taroudant,Souss-Massa,Fès,Fès-Meknès,30.4725,-8.8761,34.0181,-5.0078,429.9,390,422,31,0,Reefer,Viande,Chilled,0,0.82,147.2,394.5,4201.4,3.1,31.84987400512834,-7.735071084997008
S100281,2025-04-03,Casablanca,Casablanca-Settat,Oujda,Oriental,33.5731,-7.5898,34.6814,-1.9086,723.0,671,681,10,1,Dry Van,Agrumes,Ambient,0,0.73,213.4,571.9,6404.5,10.4,33.585647395126244,-3.5588408836092564
S100282,2025-01-08,Taroudant,Souss-Massa,Meknès,Fès-Meknès,30.4725,-8.8761,33.8935,-5.5473,461.5,402,409,6,1,Dry Van,Export,Ambient,1,0.62,158.2,423.9,4840.4,11.1,31.680784611008562,-7.003021582435238
S100283,2025-08-30,Casablanca,Casablanca-Settat,Oujda,Oriental,33.5731,-7.5898,34.6814,-1.9086,609.6,518,560,41,0,Reefer,Viande,Chilled,0,0.89,210.9,565.3,5881.6,7.3,34.193871175605885,-3.649412718667435
S100284,2025-05-24,Taroudant,Souss-Massa,Fès,Fès-Meknès,30.4725,-8.8761,34.0181,-5.0078,388.6,392,413,21,0,Dry Van,Export,Ambient,0,0.82,120.4,322.5,3517.7,10.3,33.012692143379894,-7.037750899730593
S100285,2025-05-09,Taroudant,Souss-Massa,Tanger,Tanger-Tétouan-Al Hoceïma,30.4725,-8.8761,35.7595,-5.83395,696.9,723,726,2,1,Reefer,Primeurs,Chilled,0,0.75,212.8,570.4,7204.0,9.3,33.61362399762955,-7.72199847185744
S100286,2025-07-30,Taroudant,Souss-Massa,Fès,Fès-Meknès,30.4725,-8.8761,34.0181,-5.0078,600.6,492,482,-9,1,Dry Van,Agro-alimentaire,Ambient,0,0.75,174.5,467.6,4891.2,7.7,32.143753685075716,-7.613247113909735
S100287,2025-08-20,Taroudant,Souss-Massa,Laâyoune,Laâyoune-Sakia El Hamra,30.4725,-8.8761,27.1517,-13.1997,625.5,576,580,3,1,Reefer,Viande,Chilled,0,0.59,217.3,582.3,6206.9,9.8,29.39176075048862,-10.193610880021028
S100288,2025-08-25,Agadir,Souss-Massa,Fès,Fès-Meknès,30.4278,-9.5981,34.0181,-5.0078,674.3,656,638,-17,1,Reefer,Produits laitiers,Chilled,0,0.72,197.6,529.5,6460.1,10.0,32.09146378620158,-7.0282345957936165
S100289,2025-06-26,Casablanca,Casablanca-Settat,Laâyoune,Laâyoune-Sakia El Hamra,33.5731,-7.5898,27.1517,-13.1997,940.5,949,933,-15,1,Dry Van,Jus de fruits,Ambient,0,0.74,264.0,707.4,9678.4,8.3,30.470640485950756,-10.85154762147407
S100290,2025-07-12,Taroudant,Souss-Massa,Laâyoune,Laâyoune-Sakia El Hamra,30.4725,-8.8761,27.1517,-13.1997,480.4,461,517,56,0,Reefer,Primeurs,Chilled,0,0.51,158.3,424.3,5283.2,7.7,27.99816253850618,-10.6534221485978
S100291,2025-02-14,Casablanca,Casablanca-Settat,Marrakech,Marrakech-Safi,33.5731,-7.5898,31.6295,-7.9811,244.6,207,223,15,0,Dry Van,Jus de fruits,Ambient,0,0.55,82.9,222.2,1907.2,8.4,32.83209110572366,-7.932258348860166
S100292,2025-01-10,Agadir,Souss-Massa,Marrakech,Marrakech-Safi,30.4278,-9.5981,31.6295,-7.9811,260.9,224,199,-25,1,Reefer,Viande,Chilled,0,0.72,78.2,209.7,2689.8,4.6,31.244730936379728,-8.502277660661361
S100293,2025-02-16,Taroudant,Souss-Massa,Béni Mellal,Béni Mellal-Khénifra,30.4725,-8.8761,32.3373,-6.3498,332.9,351,406,54,0,Reefer,Viande,Chilled,0,0.91,101.3,271.4,3474.6,6.6,31.28298185517269,-7.411934322229585
S100294,2025-07-04,Agadir,Souss-Massa,Marrakech,Marrakech-Safi,30.4278,-9.5981,31.6295,-7.9811,176.3,160,146,-13,1,Dry Van,Export,Ambient,0,0.75,49.9,133.8,1559.8,12.7,30.938396715157886,-8.819248144115676
S100295,2025-08-15,Agadir,Souss-Massa,Laâyoune,Laâyoune-Sakia El Hamra,30.4278,-9.5981,27.1517,-13.1997,368.3,375,382,6,1,Reefer,Export,Ambient,0,1.0,108.3,290.4,3523.4,13.6,28.440876163920937,-10.665866914946534
S100296,2025-06-26,Casablanca,Casablanca-Settat,Rabat,Rabat-Salé-Kénitra,33.5731,-7.5898,34.0209,-6.8416,80.4,77,82,5,1,Reefer,Produits laitiers,Chilled,0,0.96,23.4,62.7,885.1,10.9,33.700202457376825,-6.958777744774082
S100297,2025-05-08,Taroudant,Souss-Massa,Meknès,Fès-Meknès,30.4725,-8.8761,33.8935,-5.5473,465.2,382,425,43,0,Reefer,Viande,Chilled,0,0.82,130.7,350.4,4779.8,7.7,32.75341580078186,-5.979670097301437
S100298,2025-06-21,Taroudant,Souss-Massa,Agadir Aït Melloul,Souss-Massa,30.4725,-8.8761,30.322,-9.373,60.2,56,41,-15,1,Dry Van,Jus de fruits,Ambient,0,0.66,21.5,57.5,479.8,5.2,30.345140313674033,-9.230374262599074
S100299,2025-01-06,Taroudant,Souss-Massa,Fès,Fès-Meknès,30.4725,-8.8761,34.0181,-5.0078,461.5,404,392,-11,1,Dry Van,Export,Ambient,0,0.87,159.9,428.7,3898.2,10.2,33.163709146781734,-6.139177630119701
S100300,2025-05-30,Agadir,Souss-Massa,Meknès,Fès-Meknès,30.4278,-9.5981,33.8935,-5.5473,578.1,525,506,-19,1,Reefer,Primeurs,Chilled,0,0.81,178.3,478.0,5799.1,6.1,32.90860989514518,-7.047206284725729
S100301,2025-05-25,Taroudant,Souss-Massa,Rabat,Rabat-Salé-Kénitra,30.4725,-8.8761,34.0209,-6.8416,473.9,420,402,-17,1,Reefer,Produits laitiers,Chilled,1,0.77,144.6,387.5,4713.6,9.5,32.270319306070164,-8.048092168090546
S100302,2025-08-22,Taroudant,Souss-Massa,Fès,Fès-Meknès,30.4725,-8.8761,34.0181,-5.0078,438.1,377,384,6,1,Reefer,Produits laitiers,Chilled,0,0.58,157.1,421.1,5353.3,6.2,32.00549639087495,-5.9392564433338855
S100303,2025-01-12,Agadir,Souss-Massa,Oujda,Oriental,30.4278,-9.5981,34.6814,-1.9086,596.2,492,460,-32,1,Reefer,Produits laitiers,Chilled,0,0.74,202.9,543.8,7327.4,6.3,32.14702758041019,-4.915350700952874
S100304,2025-04-17,Casablanca,Casablanca-Settat,Tanger,Tanger-Tétouan-Al Hoceïma,33.5731,-7.5898,35.7595,-5.83395,301.3,242,285,43,0,Reefer,Primeurs,Chilled,0,0.81,107.5,288.0,3560.8,11.6,35.07972942112666,-6.978784045572671
S100305,2025-06-10,Agadir,Souss-Massa,Fès,Fès-Meknès,30.4278,-9.5981,34.0181,-5.0078,517.4,507,513,6,1,Dry Van,Agro-alimentaire,Ambient,0,0.68,146.7,393.3,4212.2,9.0,32.864232913144946,-6.594120028449073
S100306,2025-02-10,Taroudant,Souss-Massa,Marrakech,Marrakech-Safi,30.4725,-8.8761,31.6295,-7.9811,126.7,113,130,16,0,Dry Van,Export,Ambient,0,0.77,39.3,105.5,1007.3,11.0,31.254924629345062,-8.441786872748905
S100307,2025-02-06,Agadir,Souss-Massa,Dakhla,Dakhla-Oued Ed-Dahab,30.4278,-9.5981,23.6848,-15.957,1034.7,899,891,-8,1,Reefer,Primeurs,Chilled,0,0.8,323.0,865.7,12225.5,8.8,25.393513124787994,-13.959154724467982
S100308,2025-03-11,Taroudant,Souss-Massa,Meknès,Fès-Meknès,30.4725,-8.8761,33.8935,-5.5473,522.6,409,425,15,0,Dry Van,Agrumes,Ambient,0,0.79,170.8,457.8,4274.6,10.9,32.47775337772327,-6.858341576353347
S100309,2025-06-06,Agadir,Souss-Massa,Marrakech,Marrakech-Safi,30.4278,-9.5981,31.6295,-7.9811,221.6,215,241,26,0,Dry Van,Export,Ambient,0,0.61,70.3,188.3,1790.7,9.3,30.83242472123944,-8.679159340331811
S100310,2025-04-18,Casablanca,Casablanca-Settat,Oujda,Oriental,33.5731,-7.5898,34.6814,-1.9086,503.7,431,412,-18,1,Reefer,Produits laitiers,Chilled,0,0.72,144.2,386.5,5928.4,6.6,33.73604741788921,-3.6704270331518996
S100311,2025-04-04,Agadir,Souss-Massa,Marrakech,Marrakech-Safi,30.4278,-9.5981,31.6295,-7.9811,189.5,151,152,0,1,Reefer,Primeurs,Chilled,0,0.73,60.0,160.7,1826.5,7.9,30.528742295646275,-8.162981329415816
S100312,2025-02-19,Taroudant,Souss-Massa,Marrakech,Marrakech-Safi,30.4725,-8.8761,31.6295,-7.9811,120.6,128,155,26,0,Dry Van,Agrumes,Ambient,0,0.7,35.3,94.7,1143.2,6.5,31.03415650265498,-8.164400206546967
S100313,2025-03-03,Taroudant,Souss-Massa,Béni Mellal,Béni Mellal-Khénifra,30.4725,-8.8761,32.3373,-6.3498,298.6,278,322,44,0,Dry Van,Agrumes,Ambient,0,0.68,98.2,263.1,2867.7,10.8,31.38925404172571,-7.451832637944202
S100314,2025-04-21,Agadir,Souss-Massa,Béni Mellal,Béni Mellal-Khénifra,30.4278,-9.5981,32.3373,-6.3498,406.1,322,331,9,1,Reefer,Produits laitiers,Chilled,0,0.78,136.4,365.6,3886.0,10.9,31.6409572656991,-8.228319593069903
S100315,2025-08-23,Agadir,Souss-Massa,Meknès,Fès-Meknès,30.4278,-9.5981,33.8935,-5.5473,560.6,501,523,21,0,Dry Van,Agrumes,Ambient,0,0.69,160.9,431.2,5536.9,10.0,32.45237213649551,-7.823247672726114
S100316,2025-06-30,Casablanca,Casablanca-Settat,Béni Mellal,Béni Mellal-Khénifra,33.5731,-7.5898,32.3373,-6.3498,162.0,154,175,20,0,Dry Van,Agro-alimentaire,Ambient,0,0.59,56.2,150.6,1243.7,12.2,33.25987747182632,-6.744864175977026
S100317,2025-08-29,Taroudant,Souss-Massa,Marrakech,Marrakech-Safi,30.4725,-8.8761,31.6295,-7.9811,166.2,174,149,-24,1,Dry Van,Agro-alimentaire,Ambient,0,0.73,58.9,157.7,1311.5,8.1,31.344211440462953,-8.273935733548178
S100318,2025-08-12,Agadir,Souss-Massa,Laâyoune,Laâyoune-Sakia El Hamra,30.4278,-9.5981,27.1517,-13.1997,610.3,502,513,11,1,Dry Van,Agro-alimentaire,Ambient,0,0.7,206.1,552.4,5880.1,9.3,28.175227798219545,-12.17765529101147
S100319,2025-05-16,Agadir,Souss-Massa,Oujda,Oriental,30.4278,-9.5981,34.6814,-1.9086,665.5,684,721,36,0,Dry Van,Agro-alimentaire,Ambient,0,0.58,235.0,629.9,6422.1,8.8,32.601539512532476,-6.667587042718679
S100320,2025-04-03,Agadir,Souss-Massa,Kénitra,Rabat-Salé-Kénitra,30.4278,-9.5981,34.2541,-6.589,654.6,624,598,-26,1,Reefer,Produits laitiers,Chilled,0,0.55,229.6,615.3,8013.9,9.2,32.44593584728168,-7.683439906556491
S100321,2025-08-28,Casablanca,Casablanca-Settat,Fès,Fès-Meknès,33.5731,-7.5898,34.0181,-5.0078,269.8,221,226,4,1,Dry Van,Agro-alimentaire,Ambient,0,1.0,81.1,217.2,2753.0,5.6,33.911414033830965,-6.654166857951719
S100322,2025-02-28,Taroudant,Souss-Massa,Béni Mellal,Béni Mellal-Khénifra,30.4725,-8.8761,32.3373,-6.3498,323.2,326,317,-8,1,Reefer,Viande,Chilled,0,0.55,114.5,307.0,3498.5,4.4,31.15331308408639,-7.504026858064856
S100323,2025-06-28,Agadir,Souss-Massa,Meknès,Fès-Meknès,30.4278,-9.5981,33.8935,-5.5473,503.9,490,508,17,0,Reefer,Primeurs,Chilled,0,0.74,178.1,477.4,5268.8,6.4,32.33409166272265,-7.7816776867060655
S100324,2025-06-26,Agadir,Souss-Massa,Béni Mellal,Béni Mellal-Khénifra,30.4278,-9.5981,32.3373,-6.3498,465.6,449,447,-2,1,Reefer,Produits laitiers,Chilled,0,0.81,140.2,375.6,4942.8,6.9,31.2475060061198,-8.054522340782873
S100325,2025-03-20,Casablanca,Casablanca-Settat,Tanger,Tanger-Tétouan-Al Hoceïma,33.5731,-7.5898,35.7595,-5.83395,331.1,306,325,19,0,Reefer,Primeurs,Chilled,0,0.76,110.5,296.1,3624.7,10.0,35.28852773621126,-6.330435501035956
S100326,2025-02-17,Taroudant,Souss-Massa,Tanger,Tanger-Tétouan-Al Hoceïma,30.4725,-8.8761,35.7595,-5.83395,606.7,589,617,27,0,Reefer,Primeurs,Chilled,0,0.65,192.5,516.0,6196.7,10.6,34.14658324139411,-6.381153872314925
S100327,2025-05-07,Taroudant,Souss-Massa,Agadir Aït Melloul,Souss-Massa,30.4725,-8.8761,30.322,-9.373,31.6,33,43,10,1,Reefer,Produits laitiers,Chilled,0,0.81,8.9,23.9,374.6,8.4,30.709756786448946,-9.227925466888374
S100328,2025-07-10,Agadir,Souss-Massa,Dakhla,Dakhla-Oued Ed-Dahab,30.4278,-9.5981,23.6848,-15.957,730.9,668,659,-8,1,Dry Van,Jus de fruits,Ambient,0,0.66,220.5,591.1,6178.7,8.3,27.502314347517938,-14.195774004752831
S100329,2025-07-25,Agadir,Souss-Massa,Rabat,Rabat-Salé-Kénitra,30.4278,-9.5981,34.0209,-6.8416,584.7,498,510,11,1,Reefer,Produits laitiers,Chilled,0,0.68,179.5,481.0,6430.3,9.7,31.699017462498826,-8.248157134964288
S100330,2025-07-31,Agadir,Souss-Massa,Béni Mellal,Béni Mellal-Khénifra,30.4278,-9.5981,32.3373,-6.3498,300.5,255,249,-5,1,Reefer,Produits laitiers,Chilled,0,0.8,84.9,227.5,3450.1,4.9,31.440413053895764,-7.550841543133295
S100331,2025-04-16,Taroudant,Souss-Massa,Rabat,Rabat-Salé-Kénitra,30.4725,-8.8761,34.0209,-6.8416,462.8,515,498,-17,1,Reefer,Primeurs,Chilled,0,0.64,140.9,377.6,5572.2,4.8,33.20075829430823,-8.46233776314767
S100332,2025-03-19,Agadir,Souss-Massa,Laâyoune,Laâyoune-Sakia El Hamra,30.4278,-9.5981,27.1517,-13.1997,586.4,582,539,-42,1,Reefer,Viande,Chilled,0,0.98,170.3,456.5,6537.3,2.4,28.31038113794764,-12.391732462763336
S100333,2025-01-25,Taroudant,Souss-Massa,Kénitra,Rabat-Salé-Kénitra,30.4725,-8.8761,34.2541,-6.589,539.0,461,462,1,1,Reefer,Primeurs,Chilled,0,0.72,167.6,449.1,6339.5,8.4,32.849070358223365,-7.225824426202882
S100334,2025-03-09,Agadir,Souss-Massa,Béni Mellal,Béni Mellal-Khénifra,30.4278,-9.5981,32.3373,-6.3498,417.8,391,423,31,0,Dry Van,Export,Ambient,0,0.77,147.8,396.1,3959.8,9.0,31.65520488089366,-7.694933129169369
S100335,2025-05-16,Casablanca,Casablanca-Settat,Agadir Aït Melloul,Souss-Massa,33.5731,-7.5898,30.322,-9.373,281.4,225,230,5,1,Dry Van,Agro-alimentaire,Ambient,0,0.77,78.8,211.3,2675.8,8.4,31.19487749755931,-8.799898336565812
S100336,2025-02-19,Agadir,Souss-Massa,Fès,Fès-Meknès,30.4278,-9.5981,34.0181,-5.0078,635.4,571,584,12,1,Dry Van,Agrumes,Ambient,0,0.61,205.1,549.8,5434.7,12.2,32.35825825168974,-7.464628342950823
S100337,2025-08-23,Agadir,Souss-Massa,Fès,Fès-Meknès,30.4278,-9.5981,34.0181,-5.0078,499.6,418,411,-6,1,Dry Van,Export,Ambient,0,0.64,155.8,417.6,4295.3,14.0,32.32358016287001,-7.224720650816269
S100338,2025-06-10,Agadir,Souss-Massa,Tanger,Tanger-Tétouan-Al Hoceïma,30.4278,-9.5981,35.7595,-5.83395,644.5,701,697,-3,1,Reefer,Viande,Chilled,0,0.63,204.5,548.1,6132.1,5.9,33.408660486272126,-8.47994609886806
S100339,2025-02-03,Taroudant,Souss-Massa,Tanger,Tanger-Tétouan-Al Hoceïma,30.4725,-8.8761,35.7595,-5.83395,558.2,489,539,50,0,Reefer,Viande,Chilled,0,0.75,191.1,512.2,5498.8,4.0,32.27320863876835,-7.5716777095470125
S100340,2025-03-17,Agadir,Souss-Massa,Béni Mellal,Béni Mellal-Khénifra,30.4278,-9.5981,32.3373,-6.3498,414.0,408,403,-5,1,Reefer,Viande,Chilled,0,0.74,129.1,345.9,4166.6,4.8,31.921596562232494,-7.023739879946798
S100341,2025-04-02,Agadir,Souss-Massa,Rabat,Rabat-Salé-Kénitra,30.4278,-9.5981,34.0209,-6.8416,426.5,364,363,0,1,Reefer,Primeurs,Chilled,0,0.84,130.6,349.9,4235.2,8.2,32.12747047701242,-8.323720101038539
S100342,2025-03-10,Agadir,Souss-Massa,Tanger,Tanger-Tétouan-Al Hoceïma,30.4278,-9.5981,35.7595,-5.83395,665.8,603,583,-19,1,Dry Van,Jus de fruits,Ambient,0,0.7,186.5,499.8,6543.0,9.6,33.73272278120325,-8.083619591567558
S100343,2025-08-19,Casablanca,Casablanca-Settat,Rabat,Rabat-Salé-Kénitra,33.5731,-7.5898,34.0209,-6.8416,65.2,58,64,5,1,Dry Van,Export,Ambient,0,0.75,21.2,56.7,675.4,13.4,33.595682341576214,-7.239978873488792
S100344,2025-04-06,Taroudant,Souss-Massa,Rabat,Rabat-Salé-Kénitra,30.4725,-8.8761,34.0209,-6.8416,501.2,414,432,18,0,Reefer,Produits laitiers,Chilled,0,0.93,144.0,386.0,5987.3,7.3,31.771956256216747,-7.935262461606273
S100345,2025-05-06,Agadir,Souss-Massa,Tanger,Tanger-Tétouan-Al Hoceïma,30.4278,-9.5981,35.7595,-5.83395,590.0,500,519,18,0,Dry Van,Agro-alimentaire,Ambient,0,0.76,178.9,479.4,5022.6,7.9,33.025701233641,-8.199127622350185
S100346,2025-08-30,Agadir,Souss-Massa,Marrakech,Marrakech-Safi,30.4278,-9.5981,31.6295,-7.9811,216.7,234,273,39,0,Dry Van,Agrumes,Ambient,0,0.72,76.7,205.7,1649.8,6.2,31.058203129797906,-8.882163387628106
S100347,2025-03-03,Taroudant,Souss-Massa,Tanger,Tanger-Tétouan-Al Hoceïma,30.4725,-8.8761,35.7595,-5.83395,614.7,576,613,37,0,Reefer,Jus de fruits,Ambient,0,0.61,176.3,472.5,5953.5,6.7,33.809374884628795,-7.095299016640415
S100348,2025-04-05,Casablanca,Casablanca-Settat,Tanger,Tanger-Tétouan-Al Hoceïma,33.5731,-7.5898,35.7595,-5.83395,319.6,276,286,9,1,Reefer,Produits laitiers,Chilled,0,0.88,103.3,277.0,3934.7,6.6,34.87703345814131,-6.14005664050752
S100349,2025-03-20,Agadir,Souss-Massa,Dakhla,Dakhla-Oued Ed-Dahab,30.4278,-9.5981,23.6848,-15.957,1054.8,861,857,-3,1,Dry Van,Agro-alimentaire,Ambient,0,0.69,373.8,1001.7,8120.5,8.0,27.429101313859874,-11.81880985597427
S100350,2025-04-19,Casablanca,Casablanca-Settat,Fès,Fès-Meknès,33.5731,-7.5898,34.0181,-5.0078,342.5,327,350,23,0,Dry Van,Agro-alimentaire,Ambient,0,0.79,95.9,257.0,2618.0,9.0,33.77471398610313,-6.285389274694154
S100351,2025-06-21,Taroudant,Souss-Massa,Rabat,Rabat-Salé-Kénitra,30.4725,-8.8761,34.0209,-6.8416,303.1,307,314,7,1,Dry Van,Export,Ambient,0,0.67,105.2,281.9,3145.1,14.3,33.1645659293139,-7.753286065303642
S100352,2025-03-18,Casablanca,Casablanca-Settat,Meknès,Fès-Meknès,33.5731,-7.5898,33.8935,-5.5473,176.2,148,156,8,1,Reefer,Viande,Chilled,0,0.8,61.4,164.6,2011.9,5.4,33.726190041187245,-7.2395511240044055
S100353,2025-05-25,Taroudant,Souss-Massa,Meknès,Fès-Meknès,30.4725,-8.8761,33.8935,-5.5473,340.4,340,333,-7,1,Dry Van,Agrumes,Ambient,0,0.92,102.8,275.6,3387.1,9.2,32.77853765082716,-7.232651378874042
S100354,2025-04-24,Taroudant,Souss-Massa,Fès,Fès-Meknès,30.4725,-8.8761,34.0181,-5.0078,512.3,470,496,25,0,Reefer,Produits laitiers,Chilled,0,0.87,179.6,481.3,5423.9,8.2,31.44758395913603,-6.2813972675206005
S100355,2025-05-03,Casablanca,Casablanca-Settat,Agadir Aït Melloul,Souss-Massa,33.5731,-7.5898,30.322,-9.373,411.0,366,331,-35,1,Reefer,Viande,Chilled,0,0.65,132.9,356.0,4925.5,1.7,32.27330239289907,-8.20198398281025
S100356,2025-06-04,Taroudant,Souss-Massa,Meknès,Fès-Meknès,30.4725,-8.8761,33.8935,-5.5473,638.2,547,551,3,1,Reefer,Primeurs,Chilled,0,0.95,213.1,571.0,7113.1,8.9,32.40360052577417,-6.405249192318684
S100357,2025-08-13,Casablanca,Casablanca-Settat,Meknès,Fès-Meknès,33.5731,-7.5898,33.8935,-5.5473,176.0,164,173,8,1,Reefer,Viande,Chilled,0,0.88,56.9,152.6,2049.3,7.3,33.74874664304557,-6.658630856265574
S100358,2025-05-05,Casablanca,Casablanca-Settat,Fès,Fès-Meknès,33.5731,-7.5898,34.0181,-5.0078,259.1,235,284,48,0,Reefer,Produits laitiers,Chilled,0,0.81,74.5,199.7,2572.1,4.4,33.696738486889856,-5.560237774098696
S100359,2025-08-24,Taroudant,Souss-Massa,Marrakech,Marrakech-Safi,30.4725,-8.8761,31.6295,-7.9811,91.9,90,36,-54,1,Dry Van,Agro-alimentaire,Ambient,0,0.62,32.7,87.6,700.3,11.2,31.0576714294866,-8.536302281703602
S100360,2025-04-08,Agadir,Souss-Massa,Rabat,Rabat-Salé-Kénitra,30.4278,-9.5981,34.0209,-6.8416,548.9,494,504,10,1,Reefer,Primeurs,Chilled,0,0.68,163.4,437.9,6655.6,8.6,32.55961726315665,-8.271765207277522
S100361,2025-01-09,Taroudant,Souss-Massa,Oujda,Oriental,30.4725,-8.8761,34.6814,-1.9086,802.5,808,800,-8,1,Dry Van,Export,Ambient,0,0.7,274.2,734.9,7228.5,11.1,32.47057847014666,-3.8482488759281446
S100362,2025-06-30,Casablanca,Casablanca-Settat,Dakhla,Dakhla-Oued Ed-Dahab,33.5731,-7.5898,23.6848,-15.957,1274.7,1167,1203,36,0,Reefer,Produits laitiers,Chilled,0,0.93,426.6,1143.4,14922.7,6.4,28.631952174299677,-14.406122917295788
S100363,2025-04-05,Casablanca,Casablanca-Settat,Kénitra,Rabat-Salé-Kénitra,33.5731,-7.5898,34.2541,-6.589,151.9,152,173,20,0,Reefer,Primeurs,Chilled,0,0.75,45.2,121.1,1717.3,10.8,33.852943644738495,-7.043161771341803
S100364,2025-04-08,Casablanca,Casablanca-Settat,Fès,Fès-Meknès,33.5731,-7.5898,34.0181,-5.0078,314.2,305,291,-13,1,Reefer,Primeurs,Chilled,0,0.69,97.9,262.5,3712.2,10.5,33.77993690693512,-6.069548060293233
S100365,2025-07-27,Agadir,Souss-Massa,Agadir Aït Melloul,Souss-Massa,30.4278,-9.5981,30.322,-9.373,21.7,23,62,39,0,Dry Van,Agrumes,Ambient,0,0.85,6.2,16.5,217.6,10.9,30.396012725468886,-9.390405483628658
S100366,2025-05-31,Taroudant,Souss-Massa,Fès,Fès-Meknès,30.4725,-8.8761,34.0181,-5.0078,509.2,481,504,23,0,Dry Van,Export,Ambient,0,0.74,181.0,485.1,4157.9,11.0,32.9240041744232,-6.90845324196614
S100367,2025-07-04,Agadir,Souss-Massa,Oujda,Oriental,30.4278,-9.5981,34.6814,-1.9086,978.1,793,788,-4,1,Reefer,Primeurs,Chilled,0,0.71,341.8,916.1,12196.5,8.3,32.21076651951786,-4.619761880403801
S100368,2025-07-01,Taroudant,Souss-Massa,Meknès,Fès-Meknès,30.4725,-8.8761,33.8935,-5.5473,395.5,404,381,-23,1,Dry Van,Export,Ambient,0,0.74,131.7,353.0,3314.2,10.1,32.89274096424776,-7.313843566693549
S100369,2025-02-04,Casablanca,Casablanca-Settat,Oujda,Oriental,33.5731,-7.5898,34.6814,-1.9086,590.1,550,562,12,1,Reefer,Viande,Chilled,0,0.75,187.2,501.6,5719.9,11.2,34.280723347919924,-5.511732741669994
S100370,2025-01-13,Taroudant,Souss-Massa,Oujda,Oriental,30.4725,-8.8761,34.6814,-1.9086,976.1,803,807,3,1,Reefer,Viande,Chilled,0,0.66,277.6,743.8,11727.5,7.6,32.703268501001006,-6.883582015439528
S100371,2025-01-05,Agadir,Souss-Massa,Rabat,Rabat-Salé-Kénitra,30.4278,-9.5981,34.0209,-6.8416,521.1,545,566,20,0,Dry Van,Agro-alimentaire,Ambient,0,0.63,171.6,459.8,5077.5,5.6,33.321907399911744,-8.283610140342523
S100372,2025-02-14,Casablanca,Casablanca-Settat,Meknès,Fès-Meknès,33.5731,-7.5898,33.8935,-5.5473,179.4,186,163,-23,1,Reefer,Primeurs,Chilled,0,0.86,51.4,137.7,1730.2,6.0,33.74911112270099,-6.288414612028093
S100373,2025-02-25,Taroudant,Souss-Massa,Kénitra,Rabat-Salé-Kénitra,30.4725,-8.8761,34.2541,-6.589,533.4,543,518,-24,1,Reefer,Produits laitiers,Chilled,0,0.82,188.3,504.8,5983.8,7.5,31.855022400114176,-7.59725840075377
S100374,2025-01-21,Taroudant,Souss-Massa,Dakhla,Dakhla-Oued Ed-Dahab,30.4725,-8.8761,23.6848,-15.957,997.8,858,876,17,0,Reefer,Viande,Chilled,0,0.79,323.8,867.7,12255.7,6.6,27.856749290962952,-13.874894412100831
S100375,2025-02-13,Casablanca,Casablanca-Settat,Oujda,Oriental,33.5731,-7.5898,34.6814,-1.9086,636.5,567,559,-7,1,Reefer,Produits laitiers,Chilled,0,0.75,186.1,498.8,7878.4,8.3,34.164370013390666,-3.1490416696510364
S100376,2025-06-27,Casablanca,Casablanca-Settat,Béni Mellal,Béni Mellal-Khénifra,33.5731,-7.5898,32.3373,-6.3498,168.0,166,157,-9,1,Dry Van,Agrumes,Ambient,0,0.68,57.7,154.6,1611.5,8.1,33.0332139447917,-6.851564481519949
S100377,2025-01-19,Taroudant,Souss-Massa,Kénitra,Rabat-Salé-Kénitra,30.4725,-8.8761,34.2541,-6.589,611.1,589,532,-57,1,Dry Van,Agrumes,Ambient,0,0.83,205.9,551.8,5453.8,9.5,31.61967233204239,-7.594514767035046
S100378,2025-07-04,Casablanca,Casablanca-Settat,Kénitra,Rabat-Salé-Kénitra,33.5731,-7.5898,34.2541,-6.589,163.3,150,195,44,0,Reefer,Produits laitiers,Chilled,0,0.77,56.9,152.5,1900.0,8.9,34.05395231422808,-7.281592501686039
S100379,2025-05-30,Taroudant,Souss-Massa,Oujda,Oriental,30.4725,-8.8761,34.6814,-1.9086,719.9,727,724,-3,1,Reefer,Primeurs,Chilled,0,0.74,231.6,620.6,8250.4,9.7,34.05581189987295,-5.700365165821723
S100380,2025-06-28,Taroudant,Souss-Massa,Fès,Fès-Meknès,30.4725,-8.8761,34.0181,-5.0078,552.4,533,529,-3,1,Reefer,Viande,Chilled,0,0.79,158.3,424.3,5721.6,4.2,33.25275261114776,-7.078699964980639
S100381,2025-05-02,Taroudant,Souss-Massa,Laâyoune,Laâyoune-Sakia El Hamra,30.4725,-8.8761,27.1517,-13.1997,598.6,554,520,-33,1,Dry Van,Agrumes,Ambient,0,0.88,173.3,464.4,4589.2,12.4,28.90985018838316,-11.60555265839682
S100382,2025-05-31,Casablanca,Casablanca-Settat,Oujda,Oriental,33.5731,-7.5898,34.6814,-1.9086,591.3,532,550,17,0,Reefer,Produits laitiers,Chilled,0,0.82,191.0,511.8,7030.5,8.6,34.24357417459474,-3.245985740090242
S100383,2025-01-19,Casablanca,Casablanca-Settat,Béni Mellal,Béni Mellal-Khénifra,33.5731,-7.5898,32.3373,-6.3498,198.5,160,173,12,1,Dry Van,Export,Ambient,0,0.65,69.5,186.3,1494.9,14.2,33.10725515220335,-7.4345973103579945
S100384,2025-07-17,Taroudant,Souss-Massa,Agadir Aït Melloul,Souss-Massa,30.4725,-8.8761,30.322,-9.373,43.6,34,39,4,1,Reefer,Agro-alimentaire,Ambient,0,0.74,15.7,42.1,543.7,8.2,30.412747840286087,-8.903907711422518
S100385,2025-04-14,Casablanca,Casablanca-Settat,Oujda,Oriental,33.5731,-7.5898,34.6814,-1.9086,439.4,385,390,5,1,Dry Van,Jus de fruits,Ambient,0,0.78,128.9,345.5,3812.5,9.1,34.496291008145676,-3.1548817276062926
S100386,2025-09-05,Agadir,Souss-Massa,Kénitra,Rabat-Salé-Kénitra,30.4278,-9.5981,34.2541,-6.589,510.9,485,505,20,0,Dry Van,Jus de fruits,Ambient,0,0.83,161.4,432.6,4542.9,7.8,32.227940837849445,-7.337974578609847
S100387,2025-01-06,Agadir,Souss-Massa,Dakhla,Dakhla-Oued Ed-Dahab,30.4278,-9.5981,23.6848,-15.957,831.8,728,713,-15,1,Reefer,Viande,Chilled,0,0.68,238.1,638.2,8033.7,5.0,27.075589146601494,-13.271610407587383
S100388,2025-05-14,Agadir,Souss-Massa,Meknès,Fès-Meknès,30.4278,-9.5981,33.8935,-5.5473,548.8,555,586,31,0,Reefer,Produits laitiers,Chilled,0,0.66,179.0,479.7,6830.9,9.0,31.605124919310114,-7.148958309241951
S100389,2025-03-12,Taroudant,Souss-Massa,Tanger,Tanger-Tétouan-Al Hoceïma,30.4725,-8.8761,35.7595,-5.83395,724.8,672,677,5,1,Dry Van,Export,Ambient,0,0.57,221.9,594.7,7237.2,10.3,33.64665421045333,-6.59899370347771
S100390,2025-08-12,Taroudant,Souss-Massa,Marrakech,Marrakech-Safi,30.4725,-8.8761,31.6295,-7.9811,167.6,137,137,0,1,Dry Van,Jus de fruits,Ambient,0,0.71,51.9,139.2,1544.5,6.9,31.25215589826383,-8.149842008863892
S100391,2025-06-07,Casablanca,Casablanca-Settat,Marrakech,Marrakech-Safi,33.5731,-7.5898,31.6295,-7.9811,206.9,203,216,12,1,Dry Van,Export,Ambient,0,0.65,61.2,164.1,1703.5,8.8,32.564126663931496,-7.589786115619297
S100392,2025-05-25,Taroudant,Souss-Massa,Oujda,Oriental,30.4725,-8.8761,34.6814,-1.9086,779.4,640,670,30,0,Dry Van,Jus de fruits,Ambient,0,0.69,259.7,696.1,5889.8,6.8,31.77087706201905,-4.000432415259832
S100393,2025-06-20,Casablanca,Casablanca-Settat,Fès,Fès-Meknès,33.5731,-7.5898,34.0181,-5.0078,219.0,177,190,13,1,Dry Van,Export,Ambient,0,0.59,76.6,205.4,1685.0,14.1,33.94563573496785,-6.5198970886397865
S100394,2025-09-04,Casablanca,Casablanca-Settat,Tanger,Tanger-Tétouan-Al Hoceïma,33.5731,-7.5898,35.7595,-5.83395,247.4,214,200,-13,1,Reefer,Primeurs,Chilled,0,0.81,71.8,192.4,3069.7,10.5,34.99750545030517,-6.0179102604183115
S100395,2025-06-24,Agadir,Souss-Massa,Agadir Aït Melloul,Souss-Massa,30.4278,-9.5981,30.322,-9.373,21.7,19,-23,-42,1,Dry Van,Agrumes,Ambient,0,0.73,6.4,17.2,213.4,10.4,30.33797941122179,-9.633845691423696
S100396,2025-03-10,Agadir,Souss-Massa,Kénitra,Rabat-Salé-Kénitra,30.4278,-9.5981,34.2541,-6.589,531.9,496,473,-22,1,Reefer,Produits laitiers,Chilled,0,0.77,185.2,496.3,6111.2,8.3,32.66107942236026,-8.043022981221807
S100397,2025-08-27,Taroudant,Souss-Massa,Béni Mellal,Béni Mellal-Khénifra,30.4725,-8.8761,32.3373,-6.3498,427.6,449,433,-16,1,Reefer,Primeurs,Chilled,0,0.76,137.6,368.9,5199.1,11.2,32.01424194798099,-7.633313605777295
S100398,2025-04-13,Agadir,Souss-Massa,Tanger,Tanger-Tétouan-Al Hoceïma,30.4278,-9.5981,35.7595,-5.83395,516.2,445,459,14,1,Reefer,Primeurs,Chilled,0,0.81,160.0,428.9,5894.3,8.3,33.01574973480933,-7.592996235501951
S100399,2025-07-25,Casablanca,Casablanca-Settat,Laâyoune,Laâyoune-Sakia El Hamra,33.5731,-7.5898,27.1517,-13.1997,707.3,603,609,6,1,Dry Van,Agro-alimentaire,Ambient,0,0.6,241.9,648.3,6219.2,9.4,29.004844027411412,-10.651215272706262
S100400,2025-07-14,Agadir,Souss-Massa,Oujda,Oriental,30.4278,-9.5981,34.6814,-1.9086,873.7,793,763,-29,1,Reefer,Produits laitiers,Chilled,0,0.89,291.7,781.8,10685.0,9.6,32.3082273917294,-4.293648589285564
S100401,2025-05-21,Taroudant,Souss-Massa,Kénitra,Rabat-Salé-Kénitra,30.4725,-8.8761,34.2541,-6.589,475.0,443,469,26,0,Dry Van,Agrumes,Ambient,0,0.77,148.4,397.6,4158.4,10.9,31.680911953061727,-7.816058636317938
S100402,2025-02-24,Taroudant,Souss-Massa,Laâyoune,Laâyoune-Sakia El Hamra,30.4725,-8.8761,27.1517,-13.1997,634.3,598,623,25,0,Dry Van,Jus de fruits,Ambient,0,0.6,210.5,564.1,4943.5,6.6,28.424883197714173,-12.10219149569379
S100403,2025-03-30,Taroudant,Souss-Massa,Marrakech,Marrakech-Safi,30.4725,-8.8761,31.6295,-7.9811,135.3,136,97,-39,1,Dry Van,Export,Ambient,0,0.73,38.0,101.8,1091.1,11.6,31.263491931598985,-8.013187316811647
S100404,2025-04-02,Casablanca,Casablanca-Settat,Meknès,Fès-Meknès,33.5731,-7.5898,33.8935,-5.5473,204.8,177,202,24,0,Dry Van,Agro-alimentaire,Ambient,0,0.91,71.6,191.9,1902.2,9.5,33.71933095392527,-6.115160503676614
S100405,2025-07-03,Taroudant,Souss-Massa,Marrakech,Marrakech-Safi,30.4725,-8.8761,31.6295,-7.9811,189.3,151,172,20,0,Dry Van,Agro-alimentaire,Ambient,0,0.82,65.4,175.4,1523.2,7.3,30.820393635027315,-8.295238491455619
S100406,2025-01-17,Agadir,Souss-Massa,Agadir Aït Melloul,Souss-Massa,30.4278,-9.5981,30.322,-9.373,28.8,27,54,27,0,Dry Van,Agro-alimentaire,Ambient,0,0.82,8.8,23.7,297.0,4.4,30.411101130054327,-9.197635094699303
S100407,2025-08-27,Taroudant,Souss-Massa,Béni Mellal,Béni Mellal-Khénifra,30.4725,-8.8761,32.3373,-6.3498,404.7,415,420,5,1,Dry Van,Export,Ambient,0,0.66,133.5,357.7,4080.9,8.9,31.571764085384046,-6.853797705376897
S100408,2025-05-05,Taroudant,Souss-Massa,Tanger,Tanger-Tétouan-Al Hoceïma,30.4725,-8.8761,35.7595,-5.83395,694.9,637,603,-33,1,Reefer,Viande,Chilled,0,0.75,204.4,547.8,6666.7,5.8,32.486118675131564,-7.734448105786843
S100409,2025-05-14,Agadir,Souss-Massa,Fès,Fès-Meknès,30.4278,-9.5981,34.0181,-5.0078,479.9,482,455,-26,1,Reefer,Agro-alimentaire,Ambient,0,0.73,152.1,407.7,5669.2,8.6,32.1254341606278,-6.112257592926925
S100410,2025-04-15,Taroudant,Souss-Massa,Agadir Aït Melloul,Souss-Massa,30.4725,-8.8761,30.322,-9.373,48.5,42,97,54,0,Dry Van,Agro-alimentaire,Ambient,0,0.88,16.8,45.0,452.0,9.0,30.512605938406892,-8.857824970753352
S100411,2025-04-04,Taroudant,Souss-Massa,Rabat,Rabat-Salé-Kénitra,30.4725,-8.8761,34.0209,-6.8416,494.2,422,438,16,0,Dry Van,Agro-alimentaire,Ambient,0,0.7,151.6,406.3,4948.4,10.4,31.605768074391676,-7.540159169785117
S100412,2025-03-15,Agadir,Souss-Massa,Kénitra,Rabat-Salé-Kénitra,30.4278,-9.5981,34.2541,-6.589,588.0,507,503,-4,1,Reefer,Agrumes,Ambient,0,0.61,205.8,551.6,7232.7,12.1,32.51336598505231,-8.145737102244501
S100413,2025-06-22,Agadir,Souss-Massa,Laâyoune,Laâyoune-Sakia El Hamra,30.4278,-9.5981,27.1517,-13.1997,505.0,492,532,39,0,Reefer,Viande,Chilled,0,0.57,163.8,439.0,6229.2,1.6,27.92255566860165,-12.24182055571617
S100414,2025-07-03,Agadir,Souss-Massa,Dakhla,Dakhla-Oued Ed-Dahab,30.4278,-9.5981,23.6848,-15.957,849.7,707,721,13,1,Reefer,Primeurs,Chilled,0,0.72,294.4,789.1,9644.9,10.7,27.131695243965147,-12.126274151319597
S100415,2025-02-09,Taroudant,Souss-Massa,Béni Mellal,Béni Mellal-Khénifra,30.4725,-8.8761,32.3373,-6.3498,283.0,276,255,-21,1,Dry Van,Agrumes,Ambient,0,0.74,83.1,222.8,2591.4,12.5,31.213653179702973,-6.669173247222888
S100416,2025-07-26,Taroudant,Souss-Massa,Meknès,Fès-Meknès,30.4725,-8.8761,33.8935,-5.5473,423.0,448,477,28,0,Dry Van,Agrumes,Ambient,0,0.78,118.5,317.6,4179.8,3.8,33.26397187617535,-6.309014139020199
S100417,2025-07-18,Taroudant,Souss-Massa,Oujda,Oriental,30.4725,-8.8761,34.6814,-1.9086,954.5,980,957,-22,1,Reefer,Viande,Chilled,0,0.71,341.1,914.1,9469.2,4.9,33.876630741479055,-3.5846494508218725
S100418,2025-07-10,Casablanca,Casablanca-Settat,Fès,Fès-Meknès,33.5731,-7.5898,34.0181,-5.0078,237.6,260,277,17,0,Dry Van,Export,Ambient,0,0.71,83.9,224.7,1843.2,8.0,33.83295686857144,-5.984310200395437
S100419,2025-05-11,Agadir,Souss-Massa,Kénitra,Rabat-Salé-Kénitra,30.4278,-9.5981,34.2541,-6.589,627.4,593,588,-4,1,Dry Van,Agro-alimentaire,Ambient,0,0.46,187.9,503.6,4974.5,7.5,32.916415253311214,-8.215197459315538
S100420,2025-02-07,Taroudant,Souss-Massa,Dakhla,Dakhla-Oued Ed-Dahab,30.4725,-8.8761,23.6848,-15.957,1100.7,1008,1054,46,0,Reefer,Produits laitiers,Chilled,0,0.73,371.8,996.4,12220.3,10.8,28.005681954282164,-11.211266733125687
S100421,2025-03-28,Casablanca,Casablanca-Settat,Meknès,Fès-Meknès,33.5731,-7.5898,33.8935,-5.5473,168.3,160,172,11,1,Dry Van,Agro-alimentaire,Ambient,0,0.66,52.8,141.4,1426.9,8.9,33.6436850441989,-6.563946766431817
S100422,2025-08-30,Casablanca,Casablanca-Settat,Béni Mellal,Béni Mellal-Khénifra,33.5731,-7.5898,32.3373,-6.3498,162.0,139,158,18,0,Reefer,Export,Ambient,0,0.87,48.1,129.0,1976.5,10.6,33.25674799424313,-7.494804888455663
S100423,2025-02-16,Taroudant,Souss-Massa,Fès,Fès-Meknès,30.4725,-8.8761,34.0181,-5.0078,534.3,460,488,28,0,Dry Van,Jus de fruits,Ambient,0,0.59,177.6,476.0,4844.9,8.4,31.523108545569023,-7.185471476383332
S100424,2025-01-10,Agadir,Souss-Massa,Meknès,Fès-Meknès,30.4278,-9.5981,33.8935,-5.5473,583.5,589,589,0,1,Dry Van,Agrumes,Ambient,0,1.0,207.9,557.3,5617.1,9.1,31.966482178897536,-7.924967773742375
S100425,2025-06-13,Agadir,Souss-Massa,Béni Mellal,Béni Mellal-Khénifra,30.4278,-9.5981,32.3373,-6.3498,329.5,298,266,-31,1,Reefer,Viande,Chilled,0,0.84,116.7,312.8,3939.3,5.8,31.869578796510755,-8.094320273966641
S100426,2025-01-16,Agadir,Souss-Massa,Meknès,Fès-Meknès,30.4278,-9.5981,33.8935,-5.5473,427.6,371,394,22,0,Dry Van,Agro-alimentaire,Ambient,0,0.73,149.7,401.3,3327.4,6.2,32.8990200279434,-6.844933643559578
S100427,2025-05-29,Taroudant,Souss-Massa,Kénitra,Rabat-Salé-Kénitra,30.4725,-8.8761,34.2541,-6.589,528.7,480,492,12,1,Dry Van,Jus de fruits,Ambient,0,0.63,186.7,500.3,5484.7,5.1,33.129882145962235,-7.442289282782154
S100428,2025-06-10,Taroudant,Souss-Massa,Fès,Fès-Meknès,30.4725,-8.8761,34.0181,-5.0078,479.4,404,392,-11,1,Dry Van,Agro-alimentaire,Ambient,0,0.71,144.8,388.1,3750.3,8.3,32.10342844042278,-6.860818076602709
S100429,2025-04-10,Agadir,Souss-Massa,Agadir Aït Melloul,Souss-Massa,30.4278,-9.5981,30.322,-9.373,22.2,18,19,1,1,Dry Van,Agro-alimentaire,Ambient,0,0.5,7.1,19.1,218.4,7.4,30.38369460636951,-9.47973540372557
S100430,2025-05-30,Casablanca,Casablanca-Settat,Meknès,Fès-Meknès,33.5731,-7.5898,33.8935,-5.5473,205.8,216,210,-6,1,Dry Van,Export,Ambient,0,0.74,61.6,165.0,1600.4,12.6,33.62893786513556,-6.0481217790667685
S100431,2025-07-18,Taroudant,Souss-Massa,Tanger,Tanger-Tétouan-Al Hoceïma,30.4725,-8.8761,35.7595,-5.83395,687.2,582,578,-4,1,Reefer,Viande,Chilled,0,0.83,199.0,533.2,6973.1,8.4,33.27999676571427,-7.070474572029023
S100432,2025-08-01,Agadir,Souss-Massa,Béni Mellal,Béni Mellal-Khénifra,30.4278,-9.5981,32.3373,-6.3498,450.0,388,401,13,1,Dry Van,Export,Ambient,0,0.65,148.7,398.4,4115.3,9.6,31.213788552875094,-7.232455043110392
S100433,2025-05-09,Casablanca,Casablanca-Settat,Meknès,Fès-Meknès,33.5731,-7.5898,33.8935,-5.5473,206.5,202,226,24,0,Reefer,Produits laitiers,Chilled,0,0.63,66.2,177.5,2542.4,9.1,33.79931681759112,-6.60644210780159
S100434,2025-08-01,Taroudant,Souss-Massa,Laâyoune,Laâyoune-Sakia El Hamra,30.4725,-8.8761,27.1517,-13.1997,555.1,534,496,-37,1,Reefer,Viande,Chilled,0,0.77,178.2,477.7,5312.9,4.0,28.291663102271986,-11.294510899871812
S100435,2025-02-03,Casablanca,Casablanca-Settat,Agadir Aït Melloul,Souss-Massa,33.5731,-7.5898,30.322,-9.373,409.1,357,368,11,1,Reefer,Produits laitiers,Chilled,0,0.92,121.6,325.8,3984.3,4.9,31.10214733148242,-8.611716197228612
S100436,2025-01-22,Taroudant,Souss-Massa,Marrakech,Marrakech-Safi,30.4725,-8.8761,31.6295,-7.9811,144.3,116,106,-10,1,Reefer,Produits laitiers,Chilled,0,0.75,43.6,116.8,1521.0,12.0,31.312747554267062,-8.578012278615091
S100437,2025-03-08,Casablanca,Casablanca-Settat,Meknès,Fès-Meknès,33.5731,-7.5898,33.8935,-5.5473,173.7,135,163,27,0,Dry Van,Agrumes,Ambient,0,0.64,52.1,139.6,1473.3,6.3,33.681406075085725,-6.736168411925748
S100438,2025-01-12,Agadir,Souss-Massa,Dakhla,Dakhla-Oued Ed-Dahab,30.4278,-9.5981,23.6848,-15.957,940.2,935,920,-14,1,Reefer,Viande,Chilled,0,0.78,322.1,863.3,9073.7,3.5,27.357752964774157,-13.10089322934551
S100439,2025-02-17,Agadir,Souss-Massa,Béni Mellal,Béni Mellal-Khénifra,30.4278,-9.5981,32.3373,-6.3498,424.3,349,383,33,0,Dry Van,Agrumes,Ambient,0,0.93,139.8,374.6,4333.9,9.4,31.395345989408135,-7.5764730322928875
S100440,2025-05-20,Taroudant,Souss-Massa,Meknès,Fès-Meknès,30.4725,-8.8761,33.8935,-5.5473,429.6,376,417,40,0,Dry Van,Jus de fruits,Ambient,0,0.76,150.8,404.0,3471.5,4.0,32.63097116597068,-6.604331041250553
S100441,2025-02-06,Taroudant,Souss-Massa,Kénitra,Rabat-Salé-Kénitra,30.4725,-8.8761,34.2541,-6.589,440.0,433,452,18,0,Reefer,Produits laitiers,Chilled,0,0.76,123.9,331.9,5356.0,5.0,33.180501436271214,-7.298991018292733
S100442,2025-07-20,Taroudant,Souss-Massa,Kénitra,Rabat-Salé-Kénitra,30.4725,-8.8761,34.2541,-6.589,248.8,223,255,32,0,Reefer,Primeurs,Chilled,0,0.73,72.0,193.0,2592.3,10.0,32.88243221932471,-7.34761029930979
S100443,2025-08-26,Taroudant,Souss-Massa,Rabat,Rabat-Salé-Kénitra,30.4725,-8.8761,34.0209,-6.8416,390.7,405,426,20,0,Dry Van,Export,Ambient,0,0.81,121.1,324.5,3986.3,11.9,33.06612870301643,-8.103294870715708
S100444,2025-06-21,Casablanca,Casablanca-Settat,Fès,Fès-Meknès,33.5731,-7.5898,34.0181,-5.0078,259.7,224,225,1,1,Reefer,Primeurs,Chilled,0,0.73,84.0,225.1,2668.0,7.0,34.2759432452478,-5.735763066312128
S100445,2025-07-19,Agadir,Souss-Massa,Marrakech,Marrakech-Safi,30.4278,-9.5981,31.6295,-7.9811,244.7,202,197,-4,1,Reefer,Produits laitiers,Chilled,0,0.8,69.7,186.9,2651.3,9.0,31.058700279135504,-8.627380122203158
S100446,2025-02-23,Casablanca,Casablanca-Settat,Dakhla,Dakhla-Oued Ed-Dahab,33.5731,-7.5898,23.6848,-15.957,1362.8,1158,1181,23,0,Dry Van,Agrumes,Ambient,0,0.61,481.4,1290.0,11643.1,9.7,26.348406988576407,-13.495797973639739
S100447,2025-01-08,Casablanca,Casablanca-Settat,Laâyoune,Laâyoune-Sakia El Hamra,33.5731,-7.5898,27.1517,-13.1997,1036.0,989,969,-19,1,Reefer,Jus de fruits,Ambient,0,0.65,347.9,932.4,10765.6,6.0,29.769332400138616,-11.476168123688518
S100448,2025-05-30,Casablanca,Casablanca-Settat,Laâyoune,Laâyoune-Sakia El Hamra,33.5731,-7.5898,27.1517,-13.1997,728.2,762,800,37,0,Reefer,Viande,Chilled,0,0.75,211.4,566.6,7336.5,5.5,30.101528163991834,-9.339536341285761
S100449,2025-05-07,Taroudant,Souss-Massa,Marrakech,Marrakech-Safi,30.4725,-8.8761,31.6295,-7.9811,159.9,162,197,34,0,Reefer,Produits laitiers,Chilled,0,0.68,48.2,129.3,1814.3,7.4,31.396190996933274,-8.249505581288584
S100450,2025-01-20,Taroudant,Souss-Massa,Dakhla,Dakhla-Oued Ed-Dahab,30.4725,-8.8761,23.6848,-15.957,1211.2,1215,1194,-21,1,Reefer,Produits laitiers,Chilled,0,0.78,393.8,1055.3,14228.1,6.3,27.50910669128204,-14.131690867077937
S100451,2025-08-20,Agadir,Souss-Massa,Kénitra,Rabat-Salé-Kénitra,30.4278,-9.5981,34.2541,-6.589,443.7,397,399,2,1,Reefer,Viande,Chilled,0,0.92,133.3,357.2,5309.6,7.7,33.33968974721827,-7.667425835740885
S100452,2025-03-28,Taroudant,Souss-Massa,Marrakech,Marrakech-Safi,30.4725,-8.8761,31.6295,-7.9811,122.3,126,139,13,1,Dry Van,Agro-alimentaire,Ambient,0,0.79,39.6,106.1,1027.6,8.3,30.883696990977516,-8.521105972854683
S100453,2025-02-15,Casablanca,Casablanca-Settat,Dakhla,Dakhla-Oued Ed-Dahab,33.5731,-7.5898,23.6848,-15.957,1325.3,1412,1418,6,1,Reefer,Export,Ambient,0,0.59,417.0,1117.6,15146.5,16.2,27.25835306153497,-12.841474311076277
S100454,2025-06-28,Taroudant,Souss-Massa,Oujda,Oriental,30.4725,-8.8761,34.6814,-1.9086,889.2,806,845,39,0,Reefer,Viande,Chilled,1,0.71,300.4,805.2,9285.1,6.3,33.7709893833015,-6.037441018968392
S100455,2025-08-16,Casablanca,Casablanca-Settat,Béni Mellal,Béni Mellal-Khénifra,33.5731,-7.5898,32.3373,-6.3498,159.3,135,166,31,0,Dry Van,Export,Ambient,0,0.9,47.0,126.0,1525.9,15.0,32.768187716629775,-6.629925055097981
S100456,2025-05-07,Casablanca,Casablanca-Settat,Oujda,Oriental,33.5731,-7.5898,34.6814,-1.9086,498.6,427,447,19,0,Dry Van,Agro-alimentaire,Ambient,0,0.89,163.8,439.1,4326.4,8.3,34.06217845061079,-3.3022951377809227
S100457,2025-03-23,Casablanca,Casablanca-Settat,Fès,Fès-Meknès,33.5731,-7.5898,34.0181,-5.0078,220.1,182,179,-2,1,Reefer,Produits laitiers,Chilled,0,0.87,62.9,168.7,2378.6,7.0,33.742290855473016,-6.16756945280846
S100458,2025-02-03,Agadir,Souss-Massa,Agadir Aït Melloul,Souss-Massa,30.4278,-9.5981,30.322,-9.373,29.8,26,12,-14,1,Reefer,Produits laitiers,Chilled,0,0.59,10.5,28.1,353.3,9.1,30.45648602308488,-9.103687943216949
S100459,2025-01-09,Casablanca,Casablanca-Settat,Laâyoune,Laâyoune-Sakia El Hamra,33.5731,-7.5898,27.1517,-13.1997,817.0,711,670,-40,1,Dry Van,Export,Ambient,0,0.5,290.4,778.3,7712.8,12.9,28.781449559000297,-11.174703989551103
S100460,2025-04-27,Agadir,Souss-Massa,Oujda,Oriental,30.4278,-9.5981,34.6814,-1.9086,897.4,760,764,4,1,Reefer,Export,Ambient,0,0.6,262.9,704.6,10923.8,12.5,32.9072087526662,-5.487089372341564
S100461,2025-07-27,Taroudant,Souss-Massa,Agadir Aït Melloul,Souss-Massa,30.4725,-8.8761,30.322,-9.373,45.6,38,60,22,0,Reefer,Primeurs,Chilled,0,0.71,15.9,42.6,481.2,12.2,30.390103351956444,-9.163373016090981
S100462,2025-07-22,Taroudant,Souss-Massa,Tanger,Tanger-Tétouan-Al Hoceïma,30.4725,-8.8761,35.7595,-5.83395,618.7,537,557,20,0,Reefer,Produits laitiers,Chilled,0,0.81,197.0,528.1,6073.5,7.8,34.50535439780721,-7.59008136430894
S100463,2025-01-19,Agadir,Souss-Massa,Tanger,Tanger-Tétouan-Al Hoceïma,30.4278,-9.5981,35.7595,-5.83395,496.9,420,431,11,1,Dry Van,Export,Ambient,0,0.78,158.0,423.4,5126.8,8.5,33.57835989628187,-8.104753005770293
S100464,2025-08-08,Agadir,Souss-Massa,Fès,Fès-Meknès,30.4278,-9.5981,34.0181,-5.0078,529.9,440,476,36,0,Dry Van,Export,Ambient,0,0.76,159.6,427.7,5206.7,12.3,32.82604513376546,-7.496523630428537
S100465,2025-07-07,Casablanca,Casablanca-Settat,Dakhla,Dakhla-Oued Ed-Dahab,33.5731,-7.5898,23.6848,-15.957,1331.0,1099,1082,-16,1,Dry Van,Export,Ambient,0,0.73,463.3,1241.7,11466.0,16.3,28.690124052156587,-11.903367730167844
S100466,2025-03-23,Casablanca,Casablanca-Settat,Fès,Fès-Meknès,33.5731,-7.5898,34.0181,-5.0078,301.8,271,285,13,1,Dry Van,Agrumes,Ambient,0,0.65,102.4,274.5,2647.7,9.7,33.90466343433478,-6.353622036309138
S100467,2025-08-07,Taroudant,Souss-Massa,Rabat,Rabat-Salé-Kénitra,30.4725,-8.8761,34.0209,-6.8416,364.7,314,328,13,1,Dry Van,Jus de fruits,Ambient,0,0.67,115.3,309.0,2993.9,6.3,33.49707581573884,-7.253753428442621
S100468,2025-04-14,Agadir,Souss-Massa,Tanger,Tanger-Tétouan-Al Hoceïma,30.4278,-9.5981,35.7595,-5.83395,721.5,619,605,-13,1,Dry Van,Agro-alimentaire,Ambient,0,0.79,231.2,619.7,7454.9,10.2,32.59316569461588,-7.59450294539226
S100469,2025-05-09,Taroudant,Souss-Massa,Meknès,Fès-Meknès,30.4725,-8.8761,33.8935,-5.5473,566.0,563,577,14,1,Reefer,Viande,Chilled,0,0.96,202.3,542.1,6615.1,4.2,32.59246026708969,-6.799667418872446
S100470,2025-03-14,Agadir,Souss-Massa,Meknès,Fès-Meknès,30.4278,-9.5981,33.8935,-5.5473,569.6,549,512,-36,1,Dry Van,Jus de fruits,Ambient,0,0.88,194.8,522.0,5422.9,6.7,32.13816140576874,-7.3695189085587955
S100471,2025-05-22,Casablanca,Casablanca-Settat,Agadir Aït Melloul,Souss-Massa,33.5731,-7.5898,30.322,-9.373,374.3,343,417,73,0,Reefer,Agro-alimentaire,Ambient,0,0.72,133.2,356.9,3568.1,6.5,31.61553052143382,-8.802733698614398
S100472,2025-06-02,Agadir,Souss-Massa,Laâyoune,Laâyoune-Sakia El Hamra,30.4278,-9.5981,27.1517,-13.1997,491.9,404,456,52,0,Dry Van,Agro-alimentaire,Ambient,0,0.75,157.8,423.0,4457.5,9.3,29.298999555475397,-11.745541776559437
S100473,2025-01-13,Taroudant,Souss-Massa,Marrakech,Marrakech-Safi,30.4725,-8.8761,31.6295,-7.9811,115.2,111,117,5,1,Reefer,Primeurs,Chilled,0,0.76,39.1,104.8,1116.3,5.2,30.88070537694783,-8.336429835757972
S100474,2025-06-27,Casablanca,Casablanca-Settat,Tanger,Tanger-Tétouan-Al Hoceïma,33.5731,-7.5898,35.7595,-5.83395,276.9,304,346,42,0,Reefer,Jus de fruits,Ambient,0,0.68,84.8,227.3,3038.4,7.9,34.85029858696321,-6.590556775009578
S100475,2025-08-15,Taroudant,Souss-Massa,Oujda,Oriental,30.4725,-8.8761,34.6814,-1.9086,924.5,983,1037,54,0,Dry Van,Jus de fruits,Ambient,0,0.67,318.3,853.2,9230.8,5.7,32.28972564733655,-3.8465886919226717
S100476,2025-07-15,Casablanca,Casablanca-Settat,Kénitra,Rabat-Salé-Kénitra,33.5731,-7.5898,34.2541,-6.589,151.8,149,196,47,0,Reefer,Viande,Chilled,0,0.7,50.1,134.4,1802.8,4.0,33.894659482072164,-7.156760815471674
S100477,2025-05-05,Taroudant,Souss-Massa,Marrakech,Marrakech-Safi,30.4725,-8.8761,31.6295,-7.9811,203.3,197,237,40,0,Reefer,Produits laitiers,Chilled,0,0.73,67.8,181.7,2255.8,10.4,31.44489268866721,-8.500209367797735
S100478,2025-04-07,Taroudant,Souss-Massa,Béni Mellal,Béni Mellal-Khénifra,30.4725,-8.8761,32.3373,-6.3498,351.1,372,369,-3,1,Reefer,Viande,Chilled,0,0.9,126.1,338.0,3684.4,7.5,31.66092425706767,-7.588413693712618
S100479,2025-08-07,Agadir,Souss-Massa,Kénitra,Rabat-Salé-Kénitra,30.4278,-9.5981,34.2541,-6.589,492.5,520,546,26,0,Dry Van,Export,Ambient,0,0.76,170.0,455.6,4292.6,14.1,32.88457625093745,-7.471895355380713
S100480,2025-03-23,Taroudant,Souss-Massa,Kénitra,Rabat-Salé-Kénitra,30.4725,-8.8761,34.2541,-6.589,410.7,373,370,-3,1,Dry Van,Export,Ambient,0,0.62,137.7,369.1,4003.8,4.9,33.21882342564739,-8.015074515415616
S100481,2025-07-23,Taroudant,Souss-Massa,Rabat,Rabat-Salé-Kénitra,30.4725,-8.8761,34.0209,-6.8416,372.5,313,331,18,0,Dry Van,Export,Ambient,0,0.85,130.7,350.2,2961.5,9.6,32.89925488126566,-7.8950920072629165
S100482,2025-05-10,Casablanca,Casablanca-Settat,Meknès,Fès-Meknès,33.5731,-7.5898,33.8935,-5.5473,177.7,174,158,-15,1,Reefer,Viande,Chilled,0,0.74,58.3,156.3,1951.6,6.6,34.121964833776666,-6.18709172329675
S100483,2025-02-07,Casablanca,Casablanca-Settat,Agadir Aït Melloul,Souss-Massa,33.5731,-7.5898,30.322,-9.373,401.2,358,325,-33,1,Reefer,Produits laitiers,Chilled,0,0.94,135.0,361.8,4307.0,8.5,32.628241303912475,-8.217213741032529
S100484,2025-02-07,Casablanca,Casablanca-Settat,Oujda,Oriental,33.5731,-7.5898,34.6814,-1.9086,456.5,475,471,-4,1,Reefer,Produits laitiers,Chilled,0,0.73,148.1,396.9,5633.5,12.0,34.41399719356908,-4.268012669307126
S100485,2025-07-02,Taroudant,Souss-Massa,Tanger,Tanger-Tétouan-Al Hoceïma,30.4725,-8.8761,35.7595,-5.83395,709.3,656,652,-4,1,Reefer,Viande,Chilled,0,0.64,208.8,559.5,8826.9,4.3,32.36422211273914,-7.574025836021399
S100486,2025-08-29,Taroudant,Souss-Massa,Marrakech,Marrakech-Safi,30.4725,-8.8761,31.6295,-7.9811,125.5,124,120,-4,1,Reefer,Produits laitiers,Chilled,0,0.81,37.9,101.6,1271.3,7.0,31.24656769791954,-8.40823498048094
S100487,2025-07-21,Casablanca,Casablanca-Settat,Rabat,Rabat-Salé-Kénitra,33.5731,-7.5898,34.0209,-6.8416,75.2,73,71,-2,1,Dry Van,Agro-alimentaire,Ambient,0,0.61,26.6,71.2,633.0,6.9,34.04248476905465,-6.9289262261891205
S100488,2025-04-02,Casablanca,Casablanca-Settat,Fès,Fès-Meknès,33.5731,-7.5898,34.0181,-5.0078,326.4,327,349,21,0,Reefer,Primeurs,Chilled,0,0.75,114.0,305.6,3818.1,9.8,33.52932898653216,-6.314826125987006
S100489,2025-07-31,Taroudant,Souss-Massa,Kénitra,Rabat-Salé-Kénitra,30.4725,-8.8761,34.2541,-6.589,387.9,410,402,-7,1,Reefer,Produits laitiers,Chilled,0,0.82,136.0,364.4,4515.4,7.6,32.189476223185416,-7.587963355658885
S100490,2025-02-13,Casablanca,Casablanca-Settat,Tanger,Tanger-Tétouan-Al Hoceïma,33.5731,-7.5898,35.7595,-5.83395,241.7,235,225,-10,1,Dry Van,Agrumes,Ambient,0,0.76,86.0,230.5,1852.6,11.5,34.90602368521457,-6.488608843446263
S100491,2025-06-28,Agadir,Souss-Massa,Fès,Fès-Meknès,30.4278,-9.5981,34.0181,-5.0078,661.2,721,723,2,1,Reefer,Produits laitiers,Chilled,0,0.66,227.6,610.0,6820.3,11.0,33.27483133733235,-7.636256696822092
S100492,2025-03-26,Agadir,Souss-Massa,Fès,Fès-Meknès,30.4278,-9.5981,34.0181,-5.0078,626.7,628,686,58,0,Dry Van,Agrumes,Ambient,0,0.57,217.2,582.0,5200.9,13.4,32.03853238473578,-8.102329525268118
S100493,2025-07-14,Agadir,Souss-Massa,Meknès,Fès-Meknès,30.4278,-9.5981,33.8935,-5.5473,564.5,527,466,-61,1,Reefer,Agro-alimentaire,Ambient,0,0.58,196.9,527.6,5886.2,5.6,32.2761839584999,-6.82994129399262
S100494,2025-04-22,Casablanca,Casablanca-Settat,Laâyoune,Laâyoune-Sakia El Hamra,33.5731,-7.5898,27.1517,-13.1997,914.1,800,808,8,1,Dry Van,Agro-alimentaire,Ambient,0,0.75,302.4,810.4,9534.7,7.8,29.261803459511665,-12.039693695270456
S100495,2025-05-17,Casablanca,Casablanca-Settat,Marrakech,Marrakech-Safi,33.5731,-7.5898,31.6295,-7.9811,238.4,209,194,-14,1,Dry Van,Agro-alimentaire,Ambient,0,0.66,72.9,195.3,1818.5,7.2,32.21828018852293,-7.631932664239764
S100496,2025-03-04,Agadir,Souss-Massa,Dakhla,Dakhla-Oued Ed-Dahab,30.4278,-9.5981,23.6848,-15.957,948.4,882,875,-6,1,Dry Van,Agro-alimentaire,Ambient,0,0.61,286.7,768.3,9627.8,10.1,25.966165022311817,-12.053580716392784
S100497,2025-03-26,Agadir,Souss-Massa,Marrakech,Marrakech-Safi,30.4278,-9.5981,31.6295,-7.9811,229.0,230,215,-15,1,Dry Van,Jus de fruits,Ambient,0,0.85,78.2,209.5,1795.5,8.1,31.40482137885492,-8.660866390753402
S100498,2025-02-27,Casablanca,Casablanca-Settat,Rabat,Rabat-Salé-Kénitra,33.5731,-7.5898,34.0209,-6.8416,57.5,56,66,10,1,Dry Van,Jus de fruits,Ambient,0,0.58,17.6,47.1,441.0,7.4,33.8697176844796,-7.4028283285963195
S100499,2025-05-08,Taroudant,Souss-Massa,Oujda,Oriental,30.4725,-8.8761,34.6814,-1.9086,836.4,736,733,-2,1,Reefer,Produits laitiers,Chilled,0,0.72,279.0,747.7,8574.1,9.2,32.67549305021795,-3.5365235676612
S100500,2025-06-26,Casablanca,Casablanca-Settat,Tanger,Tanger-Tétouan-Al Hoceïma,33.5731,-7.5898,35.7595,-5.83395,321.3,257,275,18,0,Dry Van,Agrumes,Ambient,0,0.83,107.8,288.9,3001.9,9.0,34.710530559838325,-6.685224255592147
S100501,2025-07-22,Taroudant,Souss-Massa,Marrakech,Marrakech-Safi,30.4725,-8.8761,31.6295,-7.9811,187.8,163,212,49,0,Dry Van,Agrumes,Ambient,0,0.67,63.7,170.6,1428.8,10.5,31.19236086510352,-8.711594126316172
S100502,2025-06-10,Agadir,Souss-Massa,Kénitra,Rabat-Salé-Kénitra,30.4278,-9.5981,34.2541,-6.589,496.9,449,452,2,1,Reefer,Primeurs,Chilled,0,0.57,150.0,402.1,5593.7,8.2,32.43458984098292,-7.632247304267011
S100503,2025-05-03,Casablanca,Casablanca-Settat,Meknès,Fès-Meknès,33.5731,-7.5898,33.8935,-5.5473,177.1,139,153,14,1,Dry Van,Agro-alimentaire,Ambient,0,0.85,60.4,161.7,1620.5,7.8,33.8790644820503,-6.869675849650269
S100504,2025-08-26,Casablanca,Casablanca-Settat,Kénitra,Rabat-Salé-Kénitra,33.5731,-7.5898,34.2541,-6.589,129.8,100,86,-14,1,Dry Van,Agrumes,Ambient,0,0.81,37.9,101.6,1163.0,10.2,34.066994061624364,-6.718476744600373
S100505,2025-03-08,Casablanca,Casablanca-Settat,Tanger,Tanger-Tétouan-Al Hoceïma,33.5731,-7.5898,35.7595,-5.83395,377.2,376,350,-25,1,Reefer,Primeurs,Chilled,0,0.72,114.7,307.5,4268.3,8.1,34.67840929822533,-6.805956482604814
S100506,2025-05-31,Taroudant,Souss-Massa,Rabat,Rabat-Salé-Kénitra,30.4725,-8.8761,34.0209,-6.8416,425.3,396,442,46,0,Dry Van,Export,Ambient,0,0.69,135.0,361.7,3451.1,10.0,32.31043780545391,-7.7569982761203695
S100507,2025-05-05,Agadir,Souss-Massa,Dakhla,Dakhla-Oued Ed-Dahab,30.4278,-9.5981,23.6848,-15.957,1098.6,1128,1151,23,0,Dry Van,Agro-alimentaire,Ambient,0,0.68,314.8,843.7,11135.8,9.8,26.15728158339642,-12.868248329450928
S100508,2025-07-15,Agadir,Souss-Massa,Meknès,Fès-Meknès,30.4278,-9.5981,33.8935,-5.5473,560.5,547,547,0,1,Reefer,Produits laitiers,Chilled,0,0.76,160.9,431.3,5713.1,9.1,32.80386371671369,-6.993794326088228
S100509,2025-06-19,Agadir,Souss-Massa,Oujda,Oriental,30.4278,-9.5981,34.6814,-1.9086,818.5,689,694,4,1,Dry Van,Export,Ambient,1,0.69,271.2,726.7,6882.1,9.4,33.56322021161367,-7.042345060396829
S100510,2025-01-29,Casablanca,Casablanca-Settat,Marrakech,Marrakech-Safi,33.5731,-7.5898,31.6295,-7.9811,215.1,186,217,31,0,Dry Van,Agrumes,Ambient,0,0.72,64.3,172.4,1825.8,5.6,32.546732051057106,-7.753316628171958
S100511,2025-07-01,Agadir,Souss-Massa,Oujda,Oriental,30.4278,-9.5981,34.6814,-1.9086,715.6,753,733,-19,1,Dry Van,Jus de fruits,Ambient,0,0.68,246.5,660.5,6092.4,6.2,32.65247177925384,-6.963783464945783
S100512,2025-03-21,Agadir,Souss-Massa,Agadir Aït Melloul,Souss-Massa,30.4278,-9.5981,30.322,-9.373,22.7,19,12,-7,1,Reefer,Viande,Chilled,0,1.0,7.6,20.5,256.9,5.2,30.39135113440445,-9.347484761061484
S100513,2025-09-02,Agadir,Souss-Massa,Kénitra,Rabat-Salé-Kénitra,30.4278,-9.5981,34.2541,-6.589,427.7,360,430,69,0,Dry Van,Jus de fruits,Ambient,0,0.85,144.7,387.9,4099.6,7.1,32.597175647440785,-8.243529405217533
S100514,2025-06-23,Casablanca,Casablanca-Settat,Béni Mellal,Béni Mellal-Khénifra,33.5731,-7.5898,32.3373,-6.3498,132.2,120,118,-1,1,Dry Van,Export,Ambient,0,0.69,42.1,112.7,1171.0,11.1,32.95300141963143,-7.245916187890941
S100515,2025-04-13,Casablanca,Casablanca-Settat,Meknès,Fès-Meknès,33.5731,-7.5898,33.8935,-5.5473,175.6,171,197,25,0,Dry Van,Jus de fruits,Ambient,0,0.8,60.9,163.3,1520.2,5.0,33.58126823646403,-6.485212426003708
S100516,2025-03-15,Agadir,Souss-Massa,Agadir Aït Melloul,Souss-Massa,30.4278,-9.5981,30.322,-9.373,27.8,24,47,23,0,Dry Van,Jus de fruits,Ambient,0,0.7,9.2,24.5,208.6,6.8,30.51106618902375,-9.838009166407376
S100517,2025-04-16,Taroudant,Souss-Massa,Laâyoune,Laâyoune-Sakia El Hamra,30.4725,-8.8761,27.1517,-13.1997,642.6,614,629,15,0,Reefer,Primeurs,Chilled,1,0.64,208.7,559.2,6689.5,9.4,29.372052195182523,-11.111644766504
S100518,2025-02-11,Casablanca,Casablanca-Settat,Fès,Fès-Meknès,33.5731,-7.5898,34.0181,-5.0078,229.4,236,239,3,1,Dry Van,Jus de fruits,Ambient,0,0.86,66.7,178.8,1871.9,7.7,33.66860012521726,-5.722189470573069
S100519,2025-02-06,Agadir,Souss-Massa,Laâyoune,Laâyoune-Sakia El Hamra,30.4278,-9.5981,27.1517,-13.1997,528.4,450,451,0,1,Reefer,Export,Ambient,0,0.81,186.9,501.0,5878.8,8.4,28.4650662359865,-10.812397092256383
S100520,2025-06-18,Taroudant,Souss-Massa,Dakhla,Dakhla-Oued Ed-Dahab,30.4725,-8.8761,23.6848,-15.957,786.8,633,663,29,0,Reefer,Viande,Chilled,0,0.82,259.5,695.6,8557.5,6.3,27.02854214157998,-13.999669978530013
S100521,2025-01-13,Agadir,Souss-Massa,Fès,Fès-Meknès,30.4278,-9.5981,34.0181,-5.0078,550.6,488,544,55,0,Dry Van,Agro-alimentaire,Ambient,0,0.82,187.4,502.2,5183.3,7.5,33.151312981341505,-5.995718696464309
S100522,2025-04-09,Casablanca,Casablanca-Settat,Kénitra,Rabat-Salé-Kénitra,33.5731,-7.5898,34.2541,-6.589,118.3,120,108,-11,1,Dry Van,Export,Ambient,0,0.74,36.0,96.5,1159.1,9.5,33.98847630540151,-7.373471540277148
S100523,2025-06-14,Taroudant,Souss-Massa,Meknès,Fès-Meknès,30.4725,-8.8761,33.8935,-5.5473,497.6,518,458,-60,1,Dry Van,Jus de fruits,Ambient,0,0.56,171.2,458.9,4859.6,5.7,32.081272405517545,-7.921064682209853
S100524,2025-03-28,Taroudant,Souss-Massa,Tanger,Tanger-Tétouan-Al Hoceïma,30.4725,-8.8761,35.7595,-5.83395,635.3,594,596,1,1,Reefer,Agrumes,Ambient,0,0.79,200.2,536.6,7523.8,8.3,34.710611989276366,-6.809480048544142
S100525,2025-07-17,Agadir,Souss-Massa,Rabat,Rabat-Salé-Kénitra,30.4278,-9.5981,34.0209,-6.8416,393.4,308,308,0,1,Reefer,Viande,Chilled,0,0.84,120.3,322.3,4030.3,6.2,31.277031166697927,-8.670587310297567
S100526,2025-03-01,Casablanca,Casablanca-Settat,Rabat,Rabat-Salé-Kénitra,33.5731,-7.5898,34.0209,-6.8416,95.6,76,98,22,0,Reefer,Viande,Chilled,0,0.78,33.0,88.5,1042.7,6.4,34.11059395967163,-7.17965773009393
S100527,2025-03-21,Agadir,Souss-Massa,Kénitra,Rabat-Salé-Kénitra,30.4278,-9.5981,34.2541,-6.589,593.3,593,630,36,0,Reefer,Viande,Chilled,0,0.82,173.1,463.9,6946.9,6.1,32.27946087676617,-7.681238637239779
S100528,2025-05-12,Agadir,Souss-Massa,Fès,Fès-Meknès,30.4278,-9.5981,34.0181,-5.0078,642.8,675,679,3,1,Reefer,Primeurs,Chilled,0,0.77,212.7,570.1,6595.2,10.6,33.17105092097906,-5.954750801281697
S100529,2025-06-15,Agadir,Souss-Massa,Tanger,Tanger-Tétouan-Al Hoceïma,30.4278,-9.5981,35.7595,-5.83395,730.0,730,722,-7,1,Reefer,Produits laitiers,Chilled,0,0.76,258.6,693.1,8485.6,7.0,33.13051882426929,-7.018983394360529
S100530,2025-04-25,Casablanca,Casablanca-Settat,Rabat,Rabat-Salé-Kénitra,33.5731,-7.5898,34.0209,-6.8416,79.1,73,77,3,1,Dry Van,Agrumes,Ambient,0,0.73,26.0,69.6,723.7,12.3,33.889457469915776,-7.244455801552572
S100531,2025-03-28,Agadir,Souss-Massa,Laâyoune,Laâyoune-Sakia El Hamra,30.4278,-9.5981,27.1517,-13.1997,574.6,471,445,-25,1,Reefer,Produits laitiers,Chilled,0,0.81,205.7,551.1,6089.2,9.8,28.005154418714426,-11.331943533844589
S100532,2025-06-24,Taroudant,Souss-Massa,Oujda,Oriental,30.4725,-8.8761,34.6814,-1.9086,785.3,684,699,14,1,Dry Van,Agro-alimentaire,Ambient,0,0.73,254.0,680.6,7854.5,7.8,32.8215025451355,-3.7057908408742017
S100533,2025-01-15,Casablanca,Casablanca-Settat,Tanger,Tanger-Tétouan-Al Hoceïma,33.5731,-7.5898,35.7595,-5.83395,238.9,238,269,30,0,Reefer,Jus de fruits,Ambient,0,0.87,84.6,226.8,2823.4,6.8,34.32287387038076,-7.011150018373141
S100534,2025-08-17,Agadir,Souss-Massa,Laâyoune,Laâyoune-Sakia El Hamra,30.4278,-9.5981,27.1517,-13.1997,574.3,593,530,-63,1,Reefer,Produits laitiers,Chilled,0,0.71,190.6,510.8,6096.0,8.3,29.000145323821183,-10.819236909714645
S100535,2025-05-28,Taroudant,Souss-Massa,Fès,Fès-Meknès,30.4725,-8.8761,34.0181,-5.0078,554.2,507,504,-2,1,Dry Van,Jus de fruits,Ambient,0,0.65,193.6,518.9,4498.6,5.6,31.60857418687916,-6.876941133982565
S100536,2025-06-28,Taroudant,Souss-Massa,Tanger,Tanger-Tétouan-Al Hoceïma,30.4725,-8.8761,35.7595,-5.83395,682.0,598,560,-38,1,Dry Van,Agro-alimentaire,Ambient,0,0.72,213.0,570.8,5902.2,7.1,32.706706238850224,-7.116414268237743
S100537,2025-04-19,Casablanca,Casablanca-Settat,Béni Mellal,Béni Mellal-Khénifra,33.5731,-7.5898,32.3373,-6.3498,177.5,155,206,51,0,Dry Van,Export,Ambient,0,0.68,50.5,135.4,1396.8,10.9,33.00606045453713,-7.187480999470385
S100538,2025-02-07,Taroudant,Souss-Massa,Agadir Aït Melloul,Souss-Massa,30.4725,-8.8761,30.322,-9.373,48.7,51,55,3,1,Dry Van,Export,Ambient,0,0.83,14.7,39.4,402.1,12.3,30.486386884578515,-9.41041479844801
S100539,2025-02-27,Casablanca,Casablanca-Settat,Béni Mellal,Béni Mellal-Khénifra,33.5731,-7.5898,32.3373,-6.3498,173.8,148,144,-4,1,Dry Van,Agro-alimentaire,Ambient,0,0.65,61.8,165.7,1669.1,9.0,33.09129841223196,-6.941723453243717
S100540,2025-08-27,Taroudant,Souss-Massa,Agadir Aït Melloul,Souss-Massa,30.4725,-8.8761,30.322,-9.373,58.8,48,57,8,1,Reefer,Produits laitiers,Chilled,0,0.72,18.5,49.6,645.8,8.1,30.272905467589574,-8.988664697244682
S100541,2025-03-29,Agadir,Souss-Massa,Oujda,Oriental,30.4278,-9.5981,34.6814,-1.9086,906.6,752,753,1,1,Dry Van,Agrumes,Ambient,0,0.81,318.1,852.4,7380.5,8.6,32.10389745663675,-3.697456338034825
S100542,2025-03-11,Casablanca,Casablanca-Settat,Rabat,Rabat-Salé-Kénitra,33.5731,-7.5898,34.0209,-6.8416,114.0,103,74,-28,1,Reefer,Primeurs,Chilled,0,0.86,33.3,89.2,1120.8,8.8,33.607568077350294,-7.350545182238943
S100543,2025-08-05,Taroudant,Souss-Massa,Oujda,Oriental,30.4725,-8.8761,34.6814,-1.9086,706.4,749,722,-27,1,Dry Van,Export,Ambient,0,0.67,252.0,675.3,5639.4,10.1,33.02828878313545,-6.712607054005018
S100544,2025-01-12,Taroudant,Souss-Massa,Fès,Fès-Meknès,30.4725,-8.8761,34.0181,-5.0078,496.0,492,506,13,1,Dry Van,Agro-alimentaire,Ambient,0,0.87,170.9,458.1,4024.0,9.6,32.13807082605785,-5.918818636209295
S100545,2025-01-27,Agadir,Souss-Massa,Marrakech,Marrakech-Safi,30.4278,-9.5981,31.6295,-7.9811,187.8,175,125,-50,1,Reefer,Jus de fruits,Ambient,0,0.72,53.3,142.8,2208.6,7.3,30.47425740967296,-8.581195313940757
S100546,2025-09-03,Casablanca,Casablanca-Settat,Agadir Aït Melloul,Souss-Massa,33.5731,-7.5898,30.322,-9.373,407.1,394,393,0,1,Reefer,Export,Ambient,0,0.75,121.0,324.3,4903.2,10.7,31.24170477336095,-8.068239580507058
S100547,2025-02-04,Taroudant,Souss-Massa,Agadir Aït Melloul,Souss-Massa,30.4725,-8.8761,30.322,-9.373,47.8,38,79,41,0,Dry Van,Agrumes,Ambient,0,0.73,15.5,41.6,404.8,10.7,30.057321898782238,-9.268917795551227
S100548,2025-03-22,Agadir,Souss-Massa,Laâyoune,Laâyoune-Sakia El Hamra,30.4278,-9.5981,27.1517,-13.1997,366.3,374,376,1,1,Reefer,Produits laitiers,Chilled,0,1.0,127.5,341.8,3514.1,6.7,29.165500203055775,-12.339861347328338
S100549,2025-02-11,Taroudant,Souss-Massa,Fès,Fès-Meknès,30.4725,-8.8761,34.0181,-5.0078,466.8,377,322,-55,1,Dry Van,Jus de fruits,Ambient,0,0.77,152.3,408.1,4267.0,4.1,32.884719033032475,-7.483472615559801
S100550,2025-03-25,Casablanca,Casablanca-Settat,Tanger,Tanger-Tétouan-Al Hoceïma,33.5731,-7.5898,35.7595,-5.83395,250.9,204,246,42,0,Dry Van,Jus de fruits,Ambient,0,0.9,77.6,207.8,1989.9,7.3,35.03331177073239,-6.6252744530508565
S100551,2025-02-04,Casablanca,Casablanca-Settat,Laâyoune,Laâyoune-Sakia El Hamra,33.5731,-7.5898,27.1517,-13.1997,934.8,882,856,-25,1,Dry Van,Jus de fruits,Ambient,0,0.82,313.1,839.0,8267.1,7.9,28.85048276605455,-9.531717219754377
S100552,2025-07-11,Agadir,Souss-Massa,Dakhla,Dakhla-Oued Ed-Dahab,30.4278,-9.5981,23.6848,-15.957,1327.9,1113,1187,73,0,Reefer,Produits laitiers,Chilled,1,0.82,427.6,1145.9,14796.8,7.3,26.11765281922784,-14.488350783485817
S100553,2025-08-31,Casablanca,Casablanca-Settat,Meknès,Fès-Meknès,33.5731,-7.5898,33.8935,-5.5473,211.8,206,195,-10,1,Dry Van,Jus de fruits,Ambient,0,0.66,61.7,165.4,2065.2,6.4,33.699433502328816,-6.420587674841256
S100554,2025-03-16,Casablanca,Casablanca-Settat,Laâyoune,Laâyoune-Sakia El Hamra,33.5731,-7.5898,27.1517,-13.1997,712.2,694,697,3,1,Reefer,Viande,Chilled,0,0.8,240.4,644.3,8516.7,4.1,28.669483700683152,-9.903245888221111
S100555,2025-03-10,Casablanca,Casablanca-Settat,Kénitra,Rabat-Salé-Kénitra,33.5731,-7.5898,34.2541,-6.589,88.2,76,29,-46,1,Reefer,Primeurs,Chilled,0,0.82,25.9,69.4,955.6,7.8,33.86365017994584,-6.874287269527102
S100556,2025-07-15,Casablanca,Casablanca-Settat,Rabat,Rabat-Salé-Kénitra,33.5731,-7.5898,34.0209,-6.8416,92.5,80,73,-7,1,Reefer,Export,Ambient,0,0.68,29.9,80.1,1146.9,10.2,33.5821126109995,-7.149838143730456
S100557,2025-01-05,Agadir,Souss-Massa,Agadir Aït Melloul,Souss-Massa,30.4278,-9.5981,30.322,-9.373,25.6,21,11,-10,1,Reefer,Produits laitiers,Chilled,0,0.86,8.8,23.7,271.9,7.5,30.414857296385364,-9.43097405034476
S100558,2025-04-15,Agadir,Souss-Massa,Fès,Fès-Meknès,30.4278,-9.5981,34.0181,-5.0078,554.9,598,586,-12,1,Reefer,Primeurs,Chilled,0,0.78,177.1,474.5,5331.9,11.0,32.31797496685171,-7.497295248624395
S100559,2025-05-16,Agadir,Souss-Massa,Marrakech,Marrakech-Safi,30.4278,-9.5981,31.6295,-7.9811,225.7,197,225,28,0,Reefer,Produits laitiers,Chilled,0,0.64,67.1,179.8,2628.0,10.8,31.06980647624521,-8.755698648443943
S100560,2025-08-23,Taroudant,Souss-Massa,Oujda,Oriental,30.4725,-8.8761,34.6814,-1.9086,796.8,656,647,-8,1,Reefer,Primeurs,Chilled,0,0.88,279.2,748.3,8599.1,7.0,32.37622212914093,-5.274953607789796
S100561,2025-02-28,Casablanca,Casablanca-Settat,Agadir Aït Melloul,Souss-Massa,33.5731,-7.5898,30.322,-9.373,335.8,322,354,31,0,Dry Van,Agrumes,Ambient,0,0.78,95.6,256.3,2928.8,13.0,31.249162465042165,-8.928262432979434
S100562,2025-04-23,Taroudant,Souss-Massa,Tanger,Tanger-Tétouan-Al Hoceïma,30.4725,-8.8761,35.7595,-5.83395,809.4,734,717,-17,1,Dry Van,Agrumes,Ambient,0,0.79,278.7,746.9,6192.9,12.6,33.987428275727865,-6.951354933211697
S100563,2025-01-03,Casablanca,Casablanca-Settat,Tanger,Tanger-Tétouan-Al Hoceïma,33.5731,-7.5898,35.7595,-5.83395,273.1,217,221,4,1,Reefer,Agro-alimentaire,Ambient,0,0.83,82.4,220.8,3411.6,6.9,34.403742059900424,-6.866709958639103
S100564,2025-02-09,Agadir,Souss-Massa,Tanger,Tanger-Tétouan-Al Hoceïma,30.4278,-9.5981,35.7595,-5.83395,733.0,616,635,19,0,Reefer,Viande,Chilled,0,0.63,208.4,558.5,7049.1,8.5,34.313908629678224,-6.942728062164367
S100565,2025-07-04,Taroudant,Souss-Massa,Rabat,Rabat-Salé-Kénitra,30.4725,-8.8761,34.0209,-6.8416,449.3,421,438,16,0,Dry Van,Agro-alimentaire,Ambient,0,0.6,156.9,420.4,3396.4,6.9,33.08438455152661,-8.371743096969503
S100566,2025-03-16,Taroudant,Souss-Massa,Laâyoune,Laâyoune-Sakia El Hamra,30.4725,-8.8761,27.1517,-13.1997,527.4,482,474,-8,1,Dry Van,Export,Ambient,0,0.7,183.8,492.6,5531.8,11.7,28.890979641392885,-11.612143104359074
S100567,2025-03-14,Taroudant,Souss-Massa,Kénitra,Rabat-Salé-Kénitra,30.4725,-8.8761,34.2541,-6.589,444.8,371,369,-1,1,Dry Van,Agrumes,Ambient,0,0.72,152.4,408.3,4087.8,9.8,32.770236029688455,-7.313920373762105
S100568,2025-04-04,Agadir,Souss-Massa,Laâyoune,Laâyoune-Sakia El Hamra,30.4278,-9.5981,27.1517,-13.1997,491.0,422,447,24,0,Dry Van,Agrumes,Ambient,0,0.69,158.1,423.6,4794.9,9.5,29.231324751059994,-11.134270595373087
S100569,2025-01-05,Casablanca,Casablanca-Settat,Kénitra,Rabat-Salé-Kénitra,33.5731,-7.5898,34.2541,-6.589,109.0,113,208,94,0,Dry Van,Agro-alimentaire,Ambient,0,0.69,37.1,99.5,1079.2,8.0,34.12272698273313,-7.192373449356206
S100570,2025-01-01,Agadir,Souss-Massa,Tanger,Tanger-Tétouan-Al Hoceïma,30.4278,-9.5981,35.7595,-5.83395,891.8,941,955,14,1,Dry Van,Agrumes,Ambient,0,0.68,257.3,689.6,8023.9,11.3,34.18431175265683,-7.13259092660537
S100571,2025-06-30,Casablanca,Casablanca-Settat,Fès,Fès-Meknès,33.5731,-7.5898,34.0181,-5.0078,203.3,160,142,-18,1,Reefer,Primeurs,Chilled,0,0.77,63.1,169.1,2383.5,8.1,33.97476696705328,-5.744214420647928
S100572,2025-04-24,Casablanca,Casablanca-Settat,Kénitra,Rabat-Salé-Kénitra,33.5731,-7.5898,34.2541,-6.589,79.5,85,92,7,1,Reefer,Primeurs,Chilled,0,0.76,26.5,70.9,805.1,9.0,34.2269392303001,-7.108900151456124
S100573,2025-08-04,Taroudant,Souss-Massa,Fès,Fès-Meknès,30.4725,-8.8761,34.0181,-5.0078,556.0,444,463,19,0,Dry Van,Agrumes,Ambient,0,0.44,168.7,452.1,4276.2,12.2,31.42088893365379,-6.24578618776912
S100574,2025-01-21,Agadir,Souss-Massa,Meknès,Fès-Meknès,30.4278,-9.5981,33.8935,-5.5473,546.1,467,454,-12,1,Reefer,Primeurs,Chilled,0,0.72,195.1,522.8,6737.7,7.1,32.244554561263186,-8.192443075646539
S100575,2025-05-05,Agadir,Souss-Massa,Oujda,Oriental,30.4278,-9.5981,34.6814,-1.9086,804.9,790,854,64,0,Dry Van,Jus de fruits,Ambient,0,0.69,244.5,655.2,8106.8,6.9,32.92767099918528,-3.978902253398978
S100576,2025-08-10,Casablanca,Casablanca-Settat,Meknès,Fès-Meknès,33.5731,-7.5898,33.8935,-5.5473,189.1,164,189,25,0,Reefer,Viande,Chilled,0,0.7,53.6,143.7,1943.2,5.9,33.6972528863421,-6.376551009809351
S100577,2025-05-02,Agadir,Souss-Massa,Oujda,Oriental,30.4278,-9.5981,34.6814,-1.9086,1023.0,828,847,19,0,Reefer,Produits laitiers,Chilled,0,0.77,318.3,853.1,10301.6,7.7,32.0737381019942,-6.208038887464976
S100578,2025-02-01,Taroudant,Souss-Massa,Béni Mellal,Béni Mellal-Khénifra,30.4725,-8.8761,32.3373,-6.3498,333.0,293,299,6,1,Dry Van,Agrumes,Ambient,0,0.59,100.9,270.4,3300.3,8.3,31.548584631377878,-7.52275701180073
S100579,2025-04-23,Taroudant,Souss-Massa,Dakhla,Dakhla-Oued Ed-Dahab,30.4725,-8.8761,23.6848,-15.957,998.9,986,995,9,1,Dry Van,Agro-alimentaire,Ambient,0,0.71,299.4,802.4,9661.4,10.2,26.445895658441856,-13.239947530147038
S100580,2025-02-19,Casablanca,Casablanca-Settat,Marrakech,Marrakech-Safi,33.5731,-7.5898,31.6295,-7.9811,251.1,227,220,-7,1,Dry Van,Export,Ambient,0,0.56,76.0,203.8,2217.8,14.4,32.280477030956256,-8.004908210440536
S100581,2025-04-23,Taroudant,Souss-Massa,Agadir Aït Melloul,Souss-Massa,30.4725,-8.8761,30.322,-9.373,40.8,38,43,5,1,Dry Van,Agrumes,Ambient,0,0.62,13.0,34.7,349.2,11.9,30.64315520221712,-9.210193197388316
S100582,2025-08-23,Taroudant,Souss-Massa,Béni Mellal,Béni Mellal-Khénifra,30.4725,-8.8761,32.3373,-6.3498,364.3,377,369,-7,1,Reefer,Viande,Chilled,0,0.75,112.2,300.6,3960.7,9.8,31.0908799406362,-7.7813491542235145
S100583,2025-05-31,Taroudant,Souss-Massa,Kénitra,Rabat-Salé-Kénitra,30.4725,-8.8761,34.2541,-6.589,491.9,509,522,12,1,Dry Van,Agro-alimentaire,Ambient,0,0.52,145.7,390.4,4093.1,8.8,32.25478478918069,-7.252614507287312
S100584,2025-06-08,Taroudant,Souss-Massa,Tanger,Tanger-Tétouan-Al Hoceïma,30.4725,-8.8761,35.7595,-5.83395,800.8,693,722,28,0,Reefer,Primeurs,Chilled,0,0.75,280.4,751.5,9487.3,8.4,32.156503777057345,-7.2827704302850185
S100585,2025-04-25,Casablanca,Casablanca-Settat,Kénitra,Rabat-Salé-Kénitra,33.5731,-7.5898,34.2541,-6.589,158.0,141,158,17,0,Reefer,Jus de fruits,Ambient,0,0.81,49.7,133.1,1804.5,7.0,33.93896786179756,-7.166239426072302
S100586,2025-03-06,Casablanca,Casablanca-Settat,Rabat,Rabat-Salé-Kénitra,33.5731,-7.5898,34.0209,-6.8416,91.5,93,75,-18,1,Reefer,Export,Ambient,0,0.79,27.1,72.7,947.3,9.6,33.51751245463375,-7.472000520561857
S100587,2025-06-12,Casablanca,Casablanca-Settat,Agadir Aït Melloul,Souss-Massa,33.5731,-7.5898,30.322,-9.373,323.6,328,370,41,0,Dry Van,Agro-alimentaire,Ambient,0,0.59,104.1,278.9,3335.0,9.6,32.12571644439811,-8.522440628125295
S100588,2025-03-26,Agadir,Souss-Massa,Tanger,Tanger-Tétouan-Al Hoceïma,30.4278,-9.5981,35.7595,-5.83395,746.5,714,741,26,0,Dry Van,Jus de fruits,Ambient,0,0.8,241.6,647.5,5734.1,8.3,33.97111238189072,-6.698166103981999
S100589,2025-03-21,Agadir,Souss-Massa,Agadir Aït Melloul,Souss-Massa,30.4278,-9.5981,30.322,-9.373,25.9,22,9,-13,1,Reefer,Produits laitiers,Chilled,0,0.72,9.1,24.4,295.5,8.8,30.753891114945702,-9.462609800912887
S100590,2025-05-29,Casablanca,Casablanca-Settat,Rabat,Rabat-Salé-Kénitra,33.5731,-7.5898,34.0209,-6.8416,70.6,65,75,10,1,Dry Van,Agrumes,Ambient,0,0.8,22.9,61.3,599.7,8.3,33.89236807910891,-7.378522198486575
S100591,2025-05-26,Taroudant,Souss-Massa,Laâyoune,Laâyoune-Sakia El Hamra,30.4725,-8.8761,27.1517,-13.1997,546.1,463,436,-26,1,Reefer,Primeurs,Chilled,0,0.75,163.1,437.1,6777.6,6.7,28.001676378851695,-11.613034373474726
S100592,2025-05-19,Casablanca,Casablanca-Settat,Marrakech,Marrakech-Safi,33.5731,-7.5898,31.6295,-7.9811,246.4,243,292,48,0,Reefer,Primeurs,Chilled,0,0.8,85.6,229.5,3059.6,6.9,32.502138841379654,-7.81081454059798
S100593,2025-01-01,Agadir,Souss-Massa,Kénitra,Rabat-Salé-Kénitra,30.4278,-9.5981,34.2541,-6.589,462.4,395,433,37,0,Dry Van,Export,Ambient,0,0.76,161.6,433.1,4591.9,12.1,32.336887871794495,-8.171690408331333
S100594,2025-05-09,Agadir,Souss-Massa,Kénitra,Rabat-Salé-Kénitra,30.4278,-9.5981,34.2541,-6.589,570.7,516,494,-22,1,Dry Van,Jus de fruits,Ambient,0,0.65,200.3,536.9,5178.0,6.1,33.31522798698138,-7.92682090596697
S100595,2025-08-15,Casablanca,Casablanca-Settat,Marrakech,Marrakech-Safi,33.5731,-7.5898,31.6295,-7.9811,203.9,172,189,16,0,Reefer,Viande,Chilled,0,0.76,60.8,163.1,2432.4,6.9,32.399896093642845,-7.885465726464518
S100596,2025-06-13,Agadir,Souss-Massa,Laâyoune,Laâyoune-Sakia El Hamra,30.4278,-9.5981,27.1517,-13.1997,498.8,461,486,25,0,Dry Van,Export,Ambient,0,0.66,176.0,471.7,4105.6,13.2,28.902540374955976,-11.892426841755398
S100597,2025-04-30,Casablanca,Casablanca-Settat,Fès,Fès-Meknès,33.5731,-7.5898,34.0181,-5.0078,199.2,213,251,37,0,Dry Van,Agro-alimentaire,Ambient,0,0.64,57.4,153.9,1648.8,10.8,33.787090141961734,-6.448282716176452
S100598,2025-04-29,Agadir,Souss-Massa,Oujda,Oriental,30.4278,-9.5981,34.6814,-1.9086,710.8,654,676,21,0,Dry Van,Export,Ambient,0,0.6,231.4,620.3,6944.5,14.6,33.40956004459432,-5.145726754028048
S100599,2025-06-06,Casablanca,Casablanca-Settat,Meknès,Fès-Meknès,33.5731,-7.5898,33.8935,-5.5473,129.5,117,141,23,0,Dry Van,Export,Ambient,0,0.83,40.8,109.3,1273.6,13.2,33.78365982239799,-6.130308523813966
S100600,2025-06-19,Taroudant,Souss-Massa,Béni Mellal,Béni Mellal-Khénifra,30.4725,-8.8761,32.3373,-6.3498,317.5,282,279,-3,1,Reefer,Produits laitiers,Chilled,0,0.99,90.9,243.5,3220.8,7.9,31.448933450621904,-7.46309471651576
S100601,2025-02-05,Casablanca,Casablanca-Settat,Meknès,Fès-Meknès,33.5731,-7.5898,33.8935,-5.5473,170.3,145,127,-17,1,Reefer,Agro-alimentaire,Ambient,0,0.64,47.8,128.1,1644.9,6.0,33.490580021780396,-6.968838470372343
S100602,2025-03-27,Casablanca,Casablanca-Settat,Laâyoune,Laâyoune-Sakia El Hamra,33.5731,-7.5898,27.1517,-13.1997,706.9,663,695,31,0,Reefer,Primeurs,Chilled,0,0.86,214.0,573.6,8491.4,7.5,30.481312079292337,-10.196177992179695
S100603,2025-08-19,Taroudant,Souss-Massa,Marrakech,Marrakech-Safi,30.4725,-8.8761,31.6295,-7.9811,167.7,150,110,-39,1,Reefer,Viande,Chilled,0,0.63,54.7,146.5,1963.3,5.5,30.979955617563874,-8.617189619651624
S100604,2025-06-23,Casablanca,Casablanca-Settat,Oujda,Oriental,33.5731,-7.5898,34.6814,-1.9086,509.3,439,472,33,0,Dry Van,Export,Ambient,0,0.76,166.0,445.0,4754.3,11.6,34.567140056847606,-5.593275564665725
S100605,2025-03-30,Taroudant,Souss-Massa,Agadir Aït Melloul,Souss-Massa,30.4725,-8.8761,30.322,-9.373,47.8,50,62,11,1,Dry Van,Agrumes,Ambient,0,0.64,14.6,39.0,467.9,9.3,30.35360247086944,-8.997022722274496
S100606,2025-07-08,Casablanca,Casablanca-Settat,Dakhla,Dakhla-Oued Ed-Dahab,33.5731,-7.5898,23.6848,-15.957,1293.6,1127,1111,-16,1,Reefer,Agro-alimentaire,Ambient,0,0.83,396.7,1063.2,13344.8,8.5,30.405149710880565,-11.228319984628572
S100607,2025-08-03,Agadir,Souss-Massa,Oujda,Oriental,30.4278,-9.5981,34.6814,-1.9086,640.7,556,581,24,0,Dry Van,Agrumes,Ambient,0,0.62,224.7,602.3,5100.7,10.3,33.16674041304186,-6.320266487616749
S100608,2025-03-29,Casablanca,Casablanca-Settat,Marrakech,Marrakech-Safi,33.5731,-7.5898,31.6295,-7.9811,219.5,183,186,2,1,Dry Van,Agro-alimentaire,Ambient,0,0.67,62.7,168.0,1979.0,10.1,32.30308163173305,-7.892149551663505
S100609,2025-08-09,Agadir,Souss-Massa,Laâyoune,Laâyoune-Sakia El Hamra,30.4278,-9.5981,27.1517,-13.1997,447.2,424,464,40,0,Reefer,Primeurs,Chilled,0,0.87,137.8,369.4,4604.8,9.4,28.981883509099568,-10.794571687242993
S100610,2025-09-01,Agadir,Souss-Massa,Dakhla,Dakhla-Oued Ed-Dahab,30.4278,-9.5981,23.6848,-15.957,794.2,649,650,0,1,Reefer,Agrumes,Ambient,0,0.84,282.4,756.9,7722.5,9.3,28.413036636673525,-13.878650611238767
S100611,2025-05-20,Agadir,Souss-Massa,Tanger,Tanger-Tétouan-Al Hoceïma,30.4278,-9.5981,35.7595,-5.83395,544.4,519,513,-5,1,Dry Van,Export,Ambient,0,0.6,173.6,465.2,5385.8,7.1,33.514785105639035,-8.427965856135703
S100612,2025-05-01,Taroudant,Souss-Massa,Meknès,Fès-Meknès,30.4725,-8.8761,33.8935,-5.5473,501.5,480,483,3,1,Reefer,Viande,Chilled,0,0.96,180.2,482.8,5581.3,5.6,33.151232789838254,-7.921128400491885
S100613,2025-01-12,Agadir,Souss-Massa,Fès,Fès-Meknès,30.4278,-9.5981,34.0181,-5.0078,508.5,475,443,-31,1,Reefer,Viande,Chilled,0,0.84,152.2,407.8,5093.3,7.9,32.02720117826086,-6.865599153776614
S100614,2025-04-28,Casablanca,Casablanca-Settat,Agadir Aït Melloul,Souss-Massa,33.5731,-7.5898,30.322,-9.373,363.7,287,282,-5,1,Reefer,Produits laitiers,Chilled,0,0.9,109.3,292.9,3916.5,9.2,31.504226622287646,-8.742992069428615
S100615,2025-05-31,Taroudant,Souss-Massa,Oujda,Oriental,30.4725,-8.8761,34.6814,-1.9086,765.5,647,621,-26,1,Dry Van,Export,Ambient,0,0.7,262.4,703.3,7710.9,10.4,32.10171839811724,-5.467084096858385
S100616,2025-06-06,Agadir,Souss-Massa,Dakhla,Dakhla-Oued Ed-Dahab,30.4278,-9.5981,23.6848,-15.957,945.9,948,958,10,1,Dry Van,Jus de fruits,Ambient,0,0.8,296.7,795.1,9897.7,10.5,26.66695577370168,-13.754394610778284
S100617,2025-06-14,Agadir,Souss-Massa,Rabat,Rabat-Salé-Kénitra,30.4278,-9.5981,34.0209,-6.8416,453.5,454,415,-38,1,Reefer,Produits laitiers,Chilled,0,0.76,161.1,431.7,4643.3,8.7,32.43298557576572,-7.978817087137936
S100618,2025-03-08,Taroudant,Souss-Massa,Tanger,Tanger-Tétouan-Al Hoceïma,30.4725,-8.8761,35.7595,-5.83395,732.8,716,719,3,1,Reefer,Agro-alimentaire,Ambient,0,0.8,216.4,579.9,7233.8,9.9,34.495571516089036,-7.581852608364245
S100619,2025-04-04,Casablanca,Casablanca-Settat,Agadir Aït Melloul,Souss-Massa,33.5731,-7.5898,30.322,-9.373,378.1,388,430,41,0,Reefer,Produits laitiers,Chilled,0,0.77,106.4,285.3,4095.4,9.7,31.009698942116785,-8.662754785442946
S100620,2025-04-14,Casablanca,Casablanca-Settat,Dakhla,Dakhla-Oued Ed-Dahab,33.5731,-7.5898,23.6848,-15.957,1287.7,1130,1125,-4,1,Dry Van,Jus de fruits,Ambient,0,0.59,416.3,1115.8,10496.3,7.5,28.73512472608184,-11.206627771382681
S100621,2025-04-16,Taroudant,Souss-Massa,Agadir Aït Melloul,Souss-Massa,30.4725,-8.8761,30.322,-9.373,55.0,51,81,30,0,Dry Van,Export,Ambient,0,0.74,15.6,41.7,429.1,13.1,29.970764341586186,-9.117614495389125
S100622,2025-02-24,Casablanca,Casablanca-Settat,Agadir Aït Melloul,Souss-Massa,33.5731,-7.5898,30.322,-9.373,344.1,309,284,-24,1,Reefer,Produits laitiers,Chilled,0,0.79,112.8,302.4,3968.9,11.2,31.434441337277303,-8.571002955338509
S100623,2025-06-20,Taroudant,Souss-Massa,Marrakech,Marrakech-Safi,30.4725,-8.8761,31.6295,-7.9811,161.8,148,192,44,0,Dry Van,Export,Ambient,0,0.75,47.9,128.3,1656.1,8.8,31.192373754067525,-8.26682841008039
S100624,2025-05-17,Casablanca,Casablanca-Settat,Kénitra,Rabat-Salé-Kénitra,33.5731,-7.5898,34.2541,-6.589,113.7,119,118,0,1,Reefer,Produits laitiers,Chilled,0,0.81,36.3,97.4,1235.2,6.0,33.9728099341069,-7.34662140294007
S100625,2025-06-16,Casablanca,Casablanca-Settat,Kénitra,Rabat-Salé-Kénitra,33.5731,-7.5898,34.2541,-6.589,98.2,80,96,15,0,Dry Van,Agro-alimentaire,Ambient,0,0.68,28.4,76.0,810.8,9.5,33.924088144979365,-7.012498571280629
S100626,2025-04-01,Taroudant,Souss-Massa,Agadir Aït Melloul,Souss-Massa,30.4725,-8.8761,30.322,-9.373,53.4,46,90,43,0,Reefer,Produits laitiers,Chilled,0,0.76,18.7,50.1,584.0,10.0,30.472451124959097,-9.150830522696356
S100627,2025-05-26,Agadir,Souss-Massa,Kénitra,Rabat-Salé-Kénitra,30.4278,-9.5981,34.2541,-6.589,554.7,552,560,7,1,Dry Van,Agro-alimentaire,Ambient,0,0.72,179.7,481.7,4666.4,8.9,32.20420594720132,-8.535801171629169
S100628,2025-05-25,Casablanca,Casablanca-Settat,Fès,Fès-Meknès,33.5731,-7.5898,34.0181,-5.0078,246.6,229,236,7,1,Dry Van,Agro-alimentaire,Ambient,0,0.69,72.0,193.1,2174.4,7.4,33.61068293201693,-5.755691508990956
S100629,2025-03-13,Agadir,Souss-Massa,Marrakech,Marrakech-Safi,30.4278,-9.5981,31.6295,-7.9811,198.9,159,148,-10,1,Dry Van,Agrumes,Ambient,0,0.76,61.2,164.1,1717.4,9.7,31.027456985304383,-9.16679247202363
S100630,2025-04-29,Casablanca,Casablanca-Settat,Agadir Aït Melloul,Souss-Massa,33.5731,-7.5898,30.322,-9.373,521.3,509,518,9,1,Reefer,Jus de fruits,Ambient,0,0.88,170.0,455.7,5298.4,9.9,31.21301047087863,-8.109544648564244
S100631,2025-02-26,Taroudant,Souss-Massa,Laâyoune,Laâyoune-Sakia El Hamra,30.4725,-8.8761,27.1517,-13.1997,576.8,588,600,11,1,Dry Van,Jus de fruits,Ambient,0,0.62,162.2,434.6,4477.3,5.8,28.207500014461377,-12.108659069238268
S100632,2025-09-03,Taroudant,Souss-Massa,Oujda,Oriental,30.4725,-8.8761,34.6814,-1.9086,855.4,728,736,8,1,Dry Van,Jus de fruits,Ambient,0,0.94,294.9,790.2,6640.2,9.4,33.65990120467535,-3.580098025658754
S100633,2025-01-05,Agadir,Souss-Massa,Laâyoune,Laâyoune-Sakia El Hamra,30.4278,-9.5981,27.1517,-13.1997,509.9,439,489,49,0,Reefer,Produits laitiers,Chilled,0,0.93,162.7,436.0,5092.0,8.4,28.200129587101483,-11.253465003787914
S100634,2025-06-24,Taroudant,Souss-Massa,Agadir Aït Melloul,Souss-Massa,30.4725,-8.8761,30.322,-9.373,50.0,44,41,-3,1,Reefer,Primeurs,Chilled,0,0.94,16.7,44.8,540.6,10.7,30.350644306608864,-9.260860531282232
S100635,2025-03-09,Casablanca,Casablanca-Settat,Béni Mellal,Béni Mellal-Khénifra,33.5731,-7.5898,32.3373,-6.3498,191.1,191,186,-5,1,Reefer,Export,Ambient,0,0.71,64.2,172.1,2316.1,10.4,33.12384558411957,-7.078539515337254
S100636,2025-08-29,Agadir,Souss-Massa,Oujda,Oriental,30.4278,-9.5981,34.6814,-1.9086,849.7,846,881,34,0,Dry Van,Jus de fruits,Ambient,0,0.73,263.6,706.5,7748.1,9.4,33.163737832887186,-6.6360994614822575
S100637,2025-08-04,Casablanca,Casablanca-Settat,Laâyoune,Laâyoune-Sakia El Hamra,33.5731,-7.5898,27.1517,-13.1997,936.1,805,787,-18,1,Reefer,Viande,Chilled,0,0.59,322.1,863.3,11443.9,4.2,30.828336585948502,-10.22510852594738
S100638,2025-06-24,Taroudant,Souss-Massa,Agadir Aït Melloul,Souss-Massa,30.4725,-8.8761,30.322,-9.373,53.9,44,50,5,1,Reefer,Produits laitiers,Chilled,0,0.93,15.3,41.1,520.9,4.0,30.36248526493275,-8.821824270708998
S100639,2025-01-29,Agadir,Souss-Massa,Marrakech,Marrakech-Safi,30.4278,-9.5981,31.6295,-7.9811,216.5,180,207,26,0,Reefer,Produits laitiers,Chilled,0,0.85,75.1,201.3,2500.1,9.8,30.91043386474725,-8.750705769319213
S100640,2025-06-22,Casablanca,Casablanca-Settat,Agadir Aït Melloul,Souss-Massa,33.5731,-7.5898,30.322,-9.373,419.0,382,422,39,0,Reefer,Produits laitiers,Chilled,0,0.7,138.6,371.5,4827.0,10.4,32.445988891789405,-8.982221003240632
S100641,2025-02-06,Taroudant,Souss-Massa,Tanger,Tanger-Tétouan-Al Hoceïma,30.4725,-8.8761,35.7595,-5.83395,744.0,704,719,14,1,Dry Van,Agro-alimentaire,Ambient,0,0.71,211.0,565.4,7673.6,5.5,33.07871159439442,-7.9383808705306835
S100642,2025-02-01,Agadir,Souss-Massa,Marrakech,Marrakech-Safi,30.4278,-9.5981,31.6295,-7.9811,193.4,197,212,15,0,Dry Van,Agrumes,Ambient,0,0.88,56.5,151.4,1539.6,13.1,31.089527318921736,-8.330098610365036
S100643,2025-02-18,Taroudant,Souss-Massa,Laâyoune,Laâyoune-Sakia El Hamra,30.4725,-8.8761,27.1517,-13.1997,661.1,603,603,0,1,Dry Van,Export,Ambient,0,0.79,208.4,558.5,5674.8,9.9,29.078053558301573,-10.50599753224683
S100644,2025-02-10,Taroudant,Souss-Massa,Meknès,Fès-Meknès,30.4725,-8.8761,33.8935,-5.5473,680.0,603,634,31,0,Dry Van,Agro-alimentaire,Ambient,0,0.64,202.1,541.5,6106.7,9.5,32.95544557083985,-7.877827366133638
S100645,2025-05-03,Casablanca,Casablanca-Settat,Kénitra,Rabat-Salé-Kénitra,33.5731,-7.5898,34.2541,-6.589,138.3,122,152,29,0,Dry Van,Export,Ambient,0,0.71,45.2,121.2,1141.7,11.0,33.929063639779145,-6.90668355772398
S100646,2025-05-30,Agadir,Souss-Massa,Agadir Aït Melloul,Souss-Massa,30.4278,-9.5981,30.322,-9.373,25.1,21,-5,-26,1,Dry Van,Jus de fruits,Ambient,0,0.62,8.4,22.5,190.8,10.3,30.49075947008445,-9.432161479437452
S100647,2025-07-07,Agadir,Souss-Massa,Agadir Aït Melloul,Souss-Massa,30.4278,-9.5981,30.322,-9.373,22.3,22,39,16,0,Reefer,Agrumes,Ambient,0,0.73,7.0,18.6,216.6,9.9,30.351103628771558,-9.387995791324773
S100648,2025-03-06,Taroudant,Souss-Massa,Marrakech,Marrakech-Safi,30.4725,-8.8761,31.6295,-7.9811,142.6,147,145,-1,1,Reefer,Produits laitiers,Chilled,0,0.73,43.3,116.0,1422.7,7.2,31.30373252133313,-8.025354614995054
S100649,2025-01-29,Taroudant,Souss-Massa,Marrakech,Marrakech-Safi,30.4725,-8.8761,31.6295,-7.9811,181.0,190,225,34,0,Dry Van,Export,Ambient,0,0.83,62.2,166.8,1657.8,10.3,30.97164919556809,-8.151923738447499
S100650,2025-01-08,Casablanca,Casablanca-Settat,Rabat,Rabat-Salé-Kénitra,33.5731,-7.5898,34.0209,-6.8416,95.1,87,88,1,1,Reefer,Primeurs,Chilled,0,0.78,31.2,83.7,1185.8,8.5,34.01566603500548,-6.983736164902508
S100651,2025-02-13,Agadir,Souss-Massa,Fès,Fès-Meknès,30.4278,-9.5981,34.0181,-5.0078,554.2,588,607,18,0,Dry Van,Export,Ambient,0,0.55,168.1,450.5,4956.3,13.3,31.19095352289543,-8.405930697932575
S100652,2025-04-01,Agadir,Souss-Massa,Béni Mellal,Béni Mellal-Khénifra,30.4278,-9.5981,32.3373,-6.3498,359.2,326,320,-6,1,Reefer,Produits laitiers,Chilled,0,0.47,125.0,334.9,4377.7,9.1,30.65744142936834,-6.89495361808415
S100653,2025-05-14,Agadir,Souss-Massa,Meknès,Fès-Meknès,30.4278,-9.5981,33.8935,-5.5473,584.6,619,674,55,0,Dry Van,Jus de fruits,Ambient,0,0.64,170.4,456.8,4770.8,7.3,33.3239749554369,-8.154553379731187
S100654,2025-03-18,Agadir,Souss-Massa,Agadir Aït Melloul,Souss-Massa,30.4278,-9.5981,30.322,-9.373,26.0,22,63,41,0,Reefer,Viande,Chilled,0,0.77,8.2,21.9,308.4,4.8,30.46847046360011,-9.407099006539681
S100655,2025-03-07,Taroudant,Souss-Massa,Rabat,Rabat-Salé-Kénitra,30.4725,-8.8761,34.0209,-6.8416,459.8,439,426,-13,1,Reefer,Agrumes,Ambient,0,0.69,135.7,363.7,5539.2,11.4,33.07501810074618,-7.270373922233704
S100656,2025-08-02,Taroudant,Souss-Massa,Agadir Aït Melloul,Souss-Massa,30.4725,-8.8761,30.322,-9.373,58.4,51,84,33,0,Dry Van,Agro-alimentaire,Ambient,0,0.77,17.6,47.2,594.5,10.0,30.197746629622507,-8.850917098664457
S100657,2025-03-31,Agadir,Souss-Massa,Laâyoune,Laâyoune-Sakia El Hamra,30.4278,-9.5981,27.1517,-13.1997,514.1,450,444,-5,1,Dry Van,Agrumes,Ambient,0,0.61,166.5,446.1,4012.8,7.6,27.867398531417784,-12.546696793803376
S100658,2025-06-30,Casablanca,Casablanca-Settat,Meknès,Fès-Meknès,33.5731,-7.5898,33.8935,-5.5473,202.9,192,264,72,0,Dry Van,Agrumes,Ambient,0,0.8,68.7,184.2,1876.1,11.8,33.805920407298906,-7.039419480906568
S100659,2025-08-30,Casablanca,Casablanca-Settat,Agadir Aït Melloul,Souss-Massa,33.5731,-7.5898,30.322,-9.373,345.7,274,306,32,0,Dry Van,Export,Ambient,0,0.64,98.8,264.7,2756.8,11.2,31.18228100642611,-8.676734551317555
S100660,2025-03-31,Casablanca,Casablanca-Settat,Meknès,Fès-Meknès,33.5731,-7.5898,33.8935,-5.5473,177.8,180,202,21,0,Dry Van,Agro-alimentaire,Ambient,0,0.62,63.5,170.3,1760.9,9.1,33.73093660524719,-6.951358613601966
S100661,2025-09-04,Taroudant,Souss-Massa,Kénitra,Rabat-Salé-Kénitra,30.4725,-8.8761,34.2541,-6.589,533.6,440,448,7,1,Dry Van,Jus de fruits,Ambient,0,0.73,172.9,463.4,4922.5,9.3,33.11134741721809,-7.610845083175588
S100662,2025-05-03,Casablanca,Casablanca-Settat,Oujda,Oriental,33.5731,-7.5898,34.6814,-1.9086,507.0,441,432,-9,1,Reefer,Viande,Chilled,0,0.7,145.5,390.1,5031.9,8.3,34.15321328503796,-5.507346372672746
S100663,2025-01-22,Agadir,Souss-Massa,Oujda,Oriental,30.4278,-9.5981,34.6814,-1.9086,877.1,933,967,33,0,Dry Van,Export,Ambient,0,0.65,304.7,816.7,8935.7,11.0,33.58569708467217,-5.518522353253865
S100664,2025-04-13,Taroudant,Souss-Massa,Laâyoune,Laâyoune-Sakia El Hamra,30.4725,-8.8761,27.1517,-13.1997,579.5,514,552,38,0,Dry Van,Agrumes,Ambient,0,0.75,167.8,449.8,4666.0,7.3,28.390529975015266,-11.88797521228975
S100665,2025-04-18,Agadir,Souss-Massa,Fès,Fès-Meknès,30.4278,-9.5981,34.0181,-5.0078,609.1,595,679,83,0,Dry Van,Agrumes,Ambient,0,0.64,173.1,463.8,5284.0,12.0,32.078093722262764,-6.957291750001384
S100666,2025-05-01,Casablanca,Casablanca-Settat,Marrakech,Marrakech-Safi,33.5731,-7.5898,31.6295,-7.9811,167.0,164,120,-43,1,Dry Van,Agrumes,Ambient,0,0.72,48.0,128.7,1724.1,7.8,32.72493863191259,-7.991838159704605
S100667,2025-06-15,Casablanca,Casablanca-Settat,Kénitra,Rabat-Salé-Kénitra,33.5731,-7.5898,34.2541,-6.589,117.5,113,112,-1,1,Reefer,Agrumes,Ambient,0,0.75,38.5,103.2,1369.0,8.1,34.048101883156505,-7.36580566850667
S100668,2025-01-26,Casablanca,Casablanca-Settat,Agadir Aït Melloul,Souss-Massa,33.5731,-7.5898,30.322,-9.373,449.1,423,432,8,1,Reefer,Agro-alimentaire,Ambient,0,0.73,134.7,361.1,4391.3,5.7,32.13728585107713,-8.102034974506669
S100669,2025-05-07,Agadir,Souss-Massa,Dakhla,Dakhla-Oued Ed-Dahab,30.4278,-9.5981,23.6848,-15.957,848.2,831,850,18,0,Reefer,Produits laitiers,Chilled,0,0.67,287.1,769.4,9450.3,10.1,25.2021366309416,-13.701843535148143
S100670,2025-03-10,Casablanca,Casablanca-Settat,Dakhla,Dakhla-Oued Ed-Dahab,33.5731,-7.5898,23.6848,-15.957,891.4,799,811,11,1,Reefer,Primeurs,Chilled,0,0.97,282.2,756.3,8853.8,11.1,26.62122486567453,-11.797387345298704
S100671,2025-06-07,Agadir,Souss-Massa,Tanger,Tanger-Tétouan-Al Hoceïma,30.4278,-9.5981,35.7595,-5.83395,576.7,570,571,0,1,Dry Van,Agro-alimentaire,Ambient,0,0.65,183.3,491.3,5541.7,4.9,33.524367486766685,-6.689859994085029
S100672,2025-05-31,Taroudant,Souss-Massa,Fès,Fès-Meknès,30.4725,-8.8761,34.0181,-5.0078,482.5,506,500,-6,1,Dry Van,Jus de fruits,Ambient,0,0.67,143.2,383.9,4331.1,5.7,33.01107056032366,-6.067671629144503
S100673,2025-02-02,Agadir,Souss-Massa,Laâyoune,Laâyoune-Sakia El Hamra,30.4278,-9.5981,27.1517,-13.1997,460.9,397,401,4,1,Dry Van,Export,Ambient,0,0.71,151.6,406.2,4499.9,13.1,28.272192339456023,-11.13638638688706
S100674,2025-03-05,Agadir,Souss-Massa,Béni Mellal,Béni Mellal-Khénifra,30.4278,-9.5981,32.3373,-6.3498,364.3,312,307,-5,1,Dry Van,Agro-alimentaire,Ambient,1,0.65,125.2,335.4,3201.4,3.9,31.770981869791182,-7.307820311998565
S100675,2025-08-03,Agadir,Souss-Massa,Laâyoune,Laâyoune-Sakia El Hamra,30.4278,-9.5981,27.1517,-13.1997,464.1,457,454,-3,1,Dry Van,Jus de fruits,Ambient,0,0.69,155.5,416.7,3772.5,5.5,29.063947862447645,-11.636745961439471
S100676,2025-08-15,Agadir,Souss-Massa,Rabat,Rabat-Salé-Kénitra,30.4278,-9.5981,34.0209,-6.8416,461.2,405,441,35,0,Reefer,Viande,Chilled,0,0.8,154.9,415.2,4865.2,7.3,32.76523733864044,-8.612270884663916
S100677,2025-01-11,Agadir,Souss-Massa,Béni Mellal,Béni Mellal-Khénifra,30.4278,-9.5981,32.3373,-6.3498,427.2,335,403,67,0,Reefer,Jus de fruits,Ambient,0,0.6,139.8,374.6,5219.0,6.7,31.591624643900523,-7.627214995980421
S100678,2025-03-19,Casablanca,Casablanca-Settat,Meknès,Fès-Meknès,33.5731,-7.5898,33.8935,-5.5473,212.3,201,211,10,1,Reefer,Primeurs,Chilled,0,0.8,70.9,190.0,2421.9,4.1,33.668446002653404,-6.733119055817352
S100679,2025-06-13,Casablanca,Casablanca-Settat,Béni Mellal,Béni Mellal-Khénifra,33.5731,-7.5898,32.3373,-6.3498,177.8,157,160,3,1,Reefer,Viande,Chilled,0,0.7,51.2,137.2,2176.8,3.8,32.686403706637336,-6.926448770008515
S100680,2025-06-11,Taroudant,Souss-Massa,Tanger,Tanger-Tétouan-Al Hoceïma,30.4725,-8.8761,35.7595,-5.83395,661.9,524,549,25,0,Reefer,Viande,Chilled,0,0.81,209.3,560.9,6822.2,1.1,32.920826707023444,-7.725510200333608
S100681,2025-02-08,Taroudant,Souss-Massa,Kénitra,Rabat-Salé-Kénitra,30.4725,-8.8761,34.2541,-6.589,559.1,511,508,-2,1,Dry Van,Agro-alimentaire,Ambient,0,0.81,179.9,482.3,4818.4,7.8,32.59538148174561,-7.797582914983205
S100682,2025-04-14,Agadir,Souss-Massa,Béni Mellal,Béni Mellal-Khénifra,30.4278,-9.5981,32.3373,-6.3498,327.0,270,276,6,1,Dry Van,Jus de fruits,Ambient,0,0.68,99.8,267.3,3185.9,6.3,32.035835447714234,-7.58101377178073
S100683,2025-04-23,Casablanca,Casablanca-Settat,Kénitra,Rabat-Salé-Kénitra,33.5731,-7.5898,34.2541,-6.589,103.4,85,102,16,0,Reefer,Viande,Chilled,0,0.83,30.6,82.1,1080.0,6.6,34.15042029986469,-7.339400953179644
S100684,2025-07-28,Taroudant,Souss-Massa,Laâyoune,Laâyoune-Sakia El Hamra,30.4725,-8.8761,27.1517,-13.1997,555.0,544,544,0,1,Reefer,Agrumes,Ambient,0,0.83,159.0,426.2,5502.0,6.1,27.989512175237834,-12.087314942705268
S100685,2025-07-16,Agadir,Souss-Massa,Agadir Aït Melloul,Souss-Massa,30.4278,-9.5981,30.322,-9.373,24.2,20,32,11,1,Reefer,Primeurs,Chilled,0,0.66,6.8,18.2,245.9,9.5,30.557927323562343,-9.674015371807949
S100686,2025-06-01,Taroudant,Souss-Massa,Kénitra,Rabat-Salé-Kénitra,30.4725,-8.8761,34.2541,-6.589,535.4,523,550,26,0,Dry Van,Agrumes,Ambient,0,0.79,181.8,487.3,5294.4,9.8,33.38180261408678,-7.469389788508927
S100687,2025-01-01,Agadir,Souss-Massa,Fès,Fès-Meknès,30.4278,-9.5981,34.0181,-5.0078,665.6,540,544,3,1,Dry Van,Jus de fruits,Ambient,0,0.85,231.3,619.8,6582.8,6.5,32.41268102613661,-7.3333452401864605
S100688,2025-03-24,Taroudant,Souss-Massa,Marrakech,Marrakech-Safi,30.4725,-8.8761,31.6295,-7.9811,192.4,160,157,-2,1,Reefer,Viande,Chilled,0,0.71,62.6,167.7,2193.9,5.0,31.214613343318224,-8.138296782311967
S100689,2025-07-21,Casablanca,Casablanca-Settat,Laâyoune,Laâyoune-Sakia El Hamra,33.5731,-7.5898,27.1517,-13.1997,941.6,974,958,-16,1,Dry Van,Jus de fruits,Ambient,0,0.63,316.0,846.8,9704.8,7.4,28.851463467475433,-9.727329993064439
S100690,2025-01-07,Agadir,Souss-Massa,Fès,Fès-Meknès,30.4278,-9.5981,34.0181,-5.0078,521.5,513,514,0,1,Reefer,Primeurs,Chilled,0,0.75,175.3,469.8,6225.5,8.4,32.413012253798996,-7.627729180134955
S100691,2025-05-26,Taroudant,Souss-Massa,Laâyoune,Laâyoune-Sakia El Hamra,30.4725,-8.8761,27.1517,-13.1997,629.9,623,622,-1,1,Dry Van,Agro-alimentaire,Ambient,0,0.82,218.8,586.5,6236.5,12.7,27.691866630835662,-11.698740822496244
S100692,2025-01-03,Casablanca,Casablanca-Settat,Kénitra,Rabat-Salé-Kénitra,33.5731,-7.5898,34.2541,-6.589,110.9,95,92,-2,1,Dry Van,Agrumes,Ambient,0,0.66,37.2,99.7,867.5,12.6,34.1253842503953,-7.436745082228918
S100693,2025-01-15,Agadir,Souss-Massa,Tanger,Tanger-Tétouan-Al Hoceïma,30.4278,-9.5981,35.7595,-5.83395,798.9,739,739,0,1,Reefer,Viande,Chilled,0,0.98,241.8,647.9,7620.1,6.6,31.98889432860376,-7.72915858747702
S100694,2025-06-24,Agadir,Souss-Massa,Rabat,Rabat-Salé-Kénitra,30.4278,-9.5981,34.0209,-6.8416,469.0,425,432,7,1,Reefer,Produits laitiers,Chilled,1,0.93,134.5,360.5,5035.3,9.5,32.06739902038473,-8.160836788237269
S100695,2025-03-08,Taroudant,Souss-Massa,Marrakech,Marrakech-Safi,30.4725,-8.8761,31.6295,-7.9811,160.4,157,136,-21,1,Dry Van,Jus de fruits,Ambient,0,0.64,47.8,128.1,1263.6,7.9,31.051012808035644,-8.357204378009559
S100696,2025-02-01,Casablanca,Casablanca-Settat,Laâyoune,Laâyoune-Sakia El Hamra,33.5731,-7.5898,27.1517,-13.1997,768.1,775,743,-31,1,Reefer,Primeurs,Chilled,0,0.8,235.2,630.2,7533.9,10.5,28.607595105645352,-11.78496204104052
S100697,2025-05-17,Taroudant,Souss-Massa,Béni Mellal,Béni Mellal-Khénifra,30.4725,-8.8761,32.3373,-6.3498,276.6,282,262,-20,1,Dry Van,Export,Ambient,0,0.57,92.0,246.6,2152.5,14.2,31.46063476339618,-7.188262130993418
S100698,2025-03-19,Taroudant,Souss-Massa,Rabat,Rabat-Salé-Kénitra,30.4725,-8.8761,34.0209,-6.8416,364.2,302,331,29,0,Dry Van,Agrumes,Ambient,0,0.74,103.7,277.9,2786.9,7.3,33.43704815950424,-8.213653231002429
S100699,2025-08-09,Taroudant,Souss-Massa,Agadir Aït Melloul,Souss-Massa,30.4725,-8.8761,30.322,-9.373,45.2,45,53,7,1,Reefer,Produits laitiers,Chilled,0,0.74,15.9,42.5,470.7,8.4,30.461547158273802,-9.229273641098223
S100700,2025-06-19,Casablanca,Casablanca-Settat,Dakhla,Dakhla-Oued Ed-Dahab,33.5731,-7.5898,23.6848,-15.957,1268.8,1372,1371,0,1,Reefer,Primeurs,Chilled,0,0.72,360.6,966.5,14654.4,13.2,27.307112637794088,-10.984599463804399
S100701,2025-06-04,Taroudant,Souss-Massa,Laâyoune,Laâyoune-Sakia El Hamra,30.4725,-8.8761,27.1517,-13.1997,710.2,651,682,30,0,Dry Van,Agro-alimentaire,Ambient,0,0.89,225.2,603.5,6437.9,10.3,29.16065592045032,-12.226159696199655
S100702,2025-04-14,Taroudant,Souss-Massa,Tanger,Tanger-Tétouan-Al Hoceïma,30.4725,-8.8761,35.7595,-5.83395,629.1,599,590,-8,1,Reefer,Viande,Chilled,0,0.83,206.3,552.9,6337.6,3.6,32.90833326064906,-7.48503739659754
S100703,2025-01-19,Taroudant,Souss-Massa,Fès,Fès-Meknès,30.4725,-8.8761,34.0181,-5.0078,456.9,399,380,-19,1,Dry Van,Agrumes,Ambient,0,0.86,161.3,432.3,4280.6,9.6,32.66355210882446,-7.46682494632076
S100704,2025-03-26,Casablanca,Casablanca-Settat,Marrakech,Marrakech-Safi,33.5731,-7.5898,31.6295,-7.9811,236.1,193,202,8,1,Reefer,Agro-alimentaire,Ambient,0,0.89,71.2,190.8,2313.4,10.0,32.46405115771861,-8.08228113859195
S100705,2025-01-24,Agadir,Souss-Massa,Dakhla,Dakhla-Oued Ed-Dahab,30.4278,-9.5981,23.6848,-15.957,921.6,825,834,9,1,Dry Van,Export,Ambient,0,0.8,269.8,723.0,7300.5,12.4,27.6360836875759,-11.497858645683133
S100706,2025-07-03,Agadir,Souss-Massa,Marrakech,Marrakech-Safi,30.4278,-9.5981,31.6295,-7.9811,181.0,167,174,6,1,Reefer,Produits laitiers,Chilled,0,0.8,53.9,144.4,2012.6,9.5,30.98133325304751,-8.9417497147241
S100707,2025-06-06,Taroudant,Souss-Massa,Meknès,Fès-Meknès,30.4725,-8.8761,33.8935,-5.5473,554.0,541,548,7,1,Dry Van,Agro-alimentaire,Ambient,0,0.8,189.9,509.0,5403.7,7.0,32.603996659339984,-7.547523956978207
S100708,2025-04-03,Taroudant,Souss-Massa,Agadir Aït Melloul,Souss-Massa,30.4725,-8.8761,30.322,-9.373,45.8,40,69,28,0,Dry Van,Export,Ambient,0,0.65,13.0,34.7,368.7,11.8,30.125953468683306,-9.163775344181342
S100709,2025-05-04,Casablanca,Casablanca-Settat,Laâyoune,Laâyoune-Sakia El Hamra,33.5731,-7.5898,27.1517,-13.1997,880.7,745,772,27,0,Dry Van,Agro-alimentaire,Ambient,0,0.71,274.0,734.2,8172.1,6.6,30.970804636875847,-10.671751553826907
S100710,2025-09-07,Agadir,Souss-Massa,Meknès,Fès-Meknès,30.4278,-9.5981,33.8935,-5.5473,452.2,366,401,35,0,Dry Van,Agrumes,Ambient,0,0.68,127.9,342.8,3920.5,11.9,33.06102256369606,-8.239281222756832
S100711,2025-07-27,Taroudant,Souss-Massa,Meknès,Fès-Meknès,30.4725,-8.8761,33.8935,-5.5473,585.5,606,572,-34,1,Reefer,Primeurs,Chilled,0,0.66,181.6,486.6,5949.2,12.6,32.41188487278835,-7.732157020340468
S100712,2025-02-15,Agadir,Souss-Massa,Kénitra,Rabat-Salé-Kénitra,30.4278,-9.5981,34.2541,-6.589,658.7,626,588,-38,1,Reefer,Primeurs,Chilled,0,0.76,218.8,586.3,6528.4,10.0,32.134931962922366,-8.548259707807917
S100713,2025-04-08,Taroudant,Souss-Massa,Kénitra,Rabat-Salé-Kénitra,30.4725,-8.8761,34.2541,-6.589,510.1,537,520,-17,1,Reefer,Export,Ambient,0,0.73,166.0,444.9,5103.2,8.1,33.55805787230792,-7.6137709761579675
S100714,2025-07-12,Agadir,Souss-Massa,Tanger,Tanger-Tétouan-Al Hoceïma,30.4278,-9.5981,35.7595,-5.83395,665.4,553,518,-34,1,Dry Van,Agro-alimentaire,Ambient,0,0.83,224.6,601.9,5464.9,7.5,33.415113639083174,-6.593930217864551
S100715,2025-01-02,Taroudant,Souss-Massa,Rabat,Rabat-Salé-Kénitra,30.4725,-8.8761,34.0209,-6.8416,485.3,405,422,16,0,Reefer,Jus de fruits,Ambient,0,0.85,145.1,388.8,5374.0,9.6,31.721185045887356,-8.163300137511687
S100716,2025-01-25,Casablanca,Casablanca-Settat,Kénitra,Rabat-Salé-Kénitra,33.5731,-7.5898,34.2541,-6.589,109.1,109,102,-6,1,Dry Van,Agro-alimentaire,Ambient,0,0.58,36.7,98.3,852.0,9.5,33.88843233781773,-7.023097014261185
S100717,2025-04-14,Taroudant,Souss-Massa,Oujda,Oriental,30.4725,-8.8761,34.6814,-1.9086,785.7,765,779,14,1,Dry Van,Agro-alimentaire,Ambient,0,0.84,267.5,716.9,5946.1,9.1,33.49168913293707,-5.9748738015867895
S100718,2025-02-28,Taroudant,Souss-Massa,Laâyoune,Laâyoune-Sakia El Hamra,30.4725,-8.8761,27.1517,-13.1997,634.0,563,665,101,0,Dry Van,Agrumes,Ambient,0,0.72,206.4,553.1,5604.8,6.9,29.11683900234452,-10.937128369698295
S100719,2025-02-06,Taroudant,Souss-Massa,Laâyoune,Laâyoune-Sakia El Hamra,30.4725,-8.8761,27.1517,-13.1997,558.1,483,472,-11,1,Reefer,Produits laitiers,Chilled,0,0.56,169.3,453.6,5646.4,8.1,28.94797067902159,-11.704633840845116
S100720,2025-02-12,Casablanca,Casablanca-Settat,Meknès,Fès-Meknès,33.5731,-7.5898,33.8935,-5.5473,180.4,168,171,2,1,Reefer,Viande,Chilled,0,0.69,56.6,151.8,2247.8,8.0,33.90096745854199,-6.699775013696369
S100721,2025-02-17,Agadir,Souss-Massa,Tanger,Tanger-Tétouan-Al Hoceïma,30.4278,-9.5981,35.7595,-5.83395,622.9,529,568,38,0,Dry Van,Export,Ambient,0,0.73,178.7,478.8,5200.7,12.7,32.592714698725786,-6.664220715164638
S100722,2025-03-28,Casablanca,Casablanca-Settat,Laâyoune,Laâyoune-Sakia El Hamra,33.5731,-7.5898,27.1517,-13.1997,1013.5,867,911,43,0,Reefer,Jus de fruits,Ambient,0,0.78,336.5,901.7,11266.8,7.4,29.932808488651155,-10.763358100048539
S100723,2025-06-21,Agadir,Souss-Massa,Kénitra,Rabat-Salé-Kénitra,30.4278,-9.5981,34.2541,-6.589,477.8,420,463,43,0,Dry Van,Agrumes,Ambient,0,0.78,152.2,407.8,4077.3,11.9,32.25391124575505,-7.59121672792522
S100724,2025-05-10,Taroudant,Souss-Massa,Kénitra,Rabat-Salé-Kénitra,30.4725,-8.8761,34.2541,-6.589,485.5,426,421,-5,1,Reefer,Produits laitiers,Chilled,0,0.8,141.1,378.2,4686.0,10.4,32.78974683627038,-7.074231577745585
S100725,2025-03-26,Agadir,Souss-Massa,Béni Mellal,Béni Mellal-Khénifra,30.4278,-9.5981,32.3373,-6.3498,442.2,396,411,15,0,Dry Van,Agro-alimentaire,Ambient,0,0.68,128.6,344.5,4218.0,10.7,31.405653315910676,-8.051970513631913
S100726,2025-07-20,Taroudant,Souss-Massa,Fès,Fès-Meknès,30.4725,-8.8761,34.0181,-5.0078,421.4,359,341,-17,1,Reefer,Primeurs,Chilled,0,0.63,146.2,391.8,4972.9,9.6,32.53502992424419,-6.119370920552045
S100727,2025-03-29,Taroudant,Souss-Massa,Meknès,Fès-Meknès,30.4725,-8.8761,33.8935,-5.5473,591.4,519,581,62,0,Reefer,Primeurs,Chilled,0,0.79,203.2,544.7,6455.7,8.8,32.91444099000518,-6.823919506596928
S100728,2025-06-24,Agadir,Souss-Massa,Rabat,Rabat-Salé-Kénitra,30.4278,-9.5981,34.0209,-6.8416,494.3,511,548,37,0,Reefer,Viande,Chilled,0,0.66,169.1,453.1,6104.8,3.9,33.34322786907813,-8.570368680316681
S100729,2025-02-21,Casablanca,Casablanca-Settat,Marrakech,Marrakech-Safi,33.5731,-7.5898,31.6295,-7.9811,233.4,231,268,36,0,Reefer,Export,Ambient,0,0.72,69.4,186.0,2891.4,10.4,32.612106036333444,-8.082629666457448
S100730,2025-05-06,Casablanca,Casablanca-Settat,Tanger,Tanger-Tétouan-Al Hoceïma,33.5731,-7.5898,35.7595,-5.83395,299.0,275,326,50,0,Dry Van,Jus de fruits,Ambient,0,0.67,98.9,265.1,2346.2,6.0,35.03950067535621,-6.467054540385499
S100731,2025-01-28,Agadir,Souss-Massa,Rabat,Rabat-Salé-Kénitra,30.4278,-9.5981,34.0209,-6.8416,373.4,404,411,6,1,Dry Van,Agrumes,Ambient,0,0.63,114.9,307.8,3252.8,8.7,31.815932735869723,-8.135811965174664
S100732,2025-02-05,Agadir,Souss-Massa,Oujda,Oriental,30.4278,-9.5981,34.6814,-1.9086,640.5,646,657,10,1,Reefer,Agrumes,Ambient,0,0.74,181.3,486.0,6228.3,12.0,33.12135953765122,-5.546292919475962
S100733,2025-07-26,Taroudant,Souss-Massa,Rabat,Rabat-Salé-Kénitra,30.4725,-8.8761,34.0209,-6.8416,486.0,423,452,29,0,Reefer,Primeurs,Chilled,0,0.59,150.9,404.5,6050.0,7.5,31.67166700087071,-8.309530962236884
S100734,2025-05-31,Agadir,Souss-Massa,Oujda,Oriental,30.4278,-9.5981,34.6814,-1.9086,1152.9,967,975,8,1,Reefer,Viande,Chilled,0,0.94,377.0,1010.2,12142.4,6.2,32.637707065586426,-3.936013416715904
S100735,2025-04-27,Taroudant,Souss-Massa,Fès,Fès-Meknès,30.4725,-8.8761,34.0181,-5.0078,546.8,528,531,2,1,Reefer,Viande,Chilled,0,0.81,178.8,479.1,6794.0,5.7,32.68163677107018,-5.7425430750757025
S100736,2025-03-31,Casablanca,Casablanca-Settat,Marrakech,Marrakech-Safi,33.5731,-7.5898,31.6295,-7.9811,246.9,233,224,-8,1,Reefer,Primeurs,Chilled,0,0.82,88.4,237.0,2870.0,3.8,32.82647330940039,-7.500420467232111
S100737,2025-04-28,Casablanca,Casablanca-Settat,Meknès,Fès-Meknès,33.5731,-7.5898,33.8935,-5.5473,201.4,211,282,71,0,Dry Van,Jus de fruits,Ambient,0,0.56,72.4,194.1,1524.1,4.5,33.570423714100166,-6.612420810196528
S100738,2025-07-09,Taroudant,Souss-Massa,Dakhla,Dakhla-Oued Ed-Dahab,30.4725,-8.8761,23.6848,-15.957,1172.3,1124,1125,0,1,Dry Van,Agrumes,Ambient,0,0.71,405.9,1087.8,9118.5,8.0,27.812227727640565,-13.39459457614716
S100739,2025-07-03,Agadir,Souss-Massa,Marrakech,Marrakech-Safi,30.4278,-9.5981,31.6295,-7.9811,246.3,235,244,8,1,Reefer,Primeurs,Chilled,0,0.76,79.0,211.7,2804.8,7.4,31.197084849387466,-8.391558947770841
S100740,2025-01-26,Taroudant,Souss-Massa,Fès,Fès-Meknès,30.4725,-8.8761,34.0181,-5.0078,619.6,510,598,88,0,Dry Van,Jus de fruits,Ambient,0,0.64,191.4,513.1,5721.2,4.0,33.05063087601883,-6.584610168644229
S100741,2025-08-27,Taroudant,Souss-Massa,Dakhla,Dakhla-Oued Ed-Dahab,30.4725,-8.8761,23.6848,-15.957,898.8,839,881,42,0,Dry Van,Agro-alimentaire,Ambient,0,0.77,274.8,736.6,9203.0,7.4,28.102014845952837,-12.972301852287233
S100742,2025-01-31,Taroudant,Souss-Massa,Tanger,Tanger-Tétouan-Al Hoceïma,30.4725,-8.8761,35.7595,-5.83395,473.0,413,379,-33,1,Dry Van,Jus de fruits,Ambient,0,0.83,155.3,416.2,4198.3,3.7,34.02797935097876,-6.81970736822735
S100743,2025-04-17,Taroudant,Souss-Massa,Béni Mellal,Béni Mellal-Khénifra,30.4725,-8.8761,32.3373,-6.3498,267.0,234,245,10,1,Dry Van,Export,Ambient,0,0.7,77.5,207.7,2069.2,8.9,30.93843273794263,-7.013482051042987
S100744,2025-03-18,Agadir,Souss-Massa,Kénitra,Rabat-Salé-Kénitra,30.4278,-9.5981,34.2541,-6.589,591.6,504,524,20,0,Reefer,Viande,Chilled,0,0.79,170.8,457.6,5710.6,5.1,32.50756593552518,-7.813111291734032
S100745,2025-07-05,Taroudant,Souss-Massa,Béni Mellal,Béni Mellal-Khénifra,30.4725,-8.8761,32.3373,-6.3498,312.4,274,249,-24,1,Dry Van,Export,Ambient,0,0.51,104.0,278.7,2718.7,10.4,31.92933650643035,-7.583829892332045
S100746,2025-06-24,Taroudant,Souss-Massa,Béni Mellal,Béni Mellal-Khénifra,30.4725,-8.8761,32.3373,-6.3498,228.2,209,204,-4,1,Dry Van,Agrumes,Ambient,0,0.87,74.3,199.2,2217.5,7.0,31.72140399630212,-7.836821031849985
S100747,2025-08-26,Taroudant,Souss-Massa,Dakhla,Dakhla-Oued Ed-Dahab,30.4725,-8.8761,23.6848,-15.957,1221.0,1034,989,-44,1,Reefer,Primeurs,Chilled,0,0.85,368.2,986.7,11876.8,9.1,27.362525584497885,-13.705450492680244
S100748,2025-03-29,Casablanca,Casablanca-Settat,Marrakech,Marrakech-Safi,33.5731,-7.5898,31.6295,-7.9811,283.8,283,289,6,1,Dry Van,Jus de fruits,Ambient,0,0.73,96.6,258.8,2637.6,7.4,32.07506761390713,-7.6747918531852015
S100749,2025-04-13,Agadir,Souss-Massa,Fès,Fès-Meknès,30.4278,-9.5981,34.0181,-5.0078,597.0,543,529,-13,1,Dry Van,Agro-alimentaire,Ambient,0,0.7,201.8,540.8,5477.9,7.0,33.23416627180789,-6.898155985086113
S100750,2025-09-07,Agadir,Souss-Massa,Rabat,Rabat-Salé-Kénitra,30.4278,-9.5981,34.0209,-6.8416,581.2,616,594,-21,1,Reefer,Produits laitiers,Chilled,0,0.84,176.3,472.6,5697.3,4.2,31.665731705778672,-8.242373204048544
S100751,2025-09-06,Agadir,Souss-Massa,Laâyoune,Laâyoune-Sakia El Hamra,30.4278,-9.5981,27.1517,-13.1997,407.3,344,329,-15,1,Reefer,Viande,Chilled,0,0.78,125.7,337.0,4248.3,8.6,28.362092068547973,-10.967185320228147
S100752,2025-07-07,Casablanca,Casablanca-Settat,Fès,Fès-Meknès,33.5731,-7.5898,34.0181,-5.0078,237.6,235,218,-17,1,Reefer,Viande,Chilled,0,0.68,76.8,206.0,2932.1,8.9,33.771314318934834,-6.226669878911862
S100753,2025-03-30,Taroudant,Souss-Massa,Béni Mellal,Béni Mellal-Khénifra,30.4725,-8.8761,32.3373,-6.3498,248.8,217,190,-26,1,Reefer,Agro-alimentaire,Ambient,0,0.88,79.6,213.4,2378.8,9.3,31.59880368703716,-7.95809552065796
S100754,2025-03-28,Taroudant,Souss-Massa,Kénitra,Rabat-Salé-Kénitra,30.4725,-8.8761,34.2541,-6.589,491.6,423,427,3,1,Dry Van,Export,Ambient,0,0.87,167.3,448.3,4600.4,9.0,32.75330606721987,-7.9731935840991195
S100755,2025-06-05,Casablanca,Casablanca-Settat,Marrakech,Marrakech-Safi,33.5731,-7.5898,31.6295,-7.9811,196.0,167,160,-6,1,Dry Van,Agrumes,Ambient,0,0.69,58.4,156.5,1610.7,11.6,32.23466981664693,-7.757394080230907
S100756,2025-05-11,Agadir,Souss-Massa,Dakhla,Dakhla-Oued Ed-Dahab,30.4278,-9.5981,23.6848,-15.957,953.8,1000,1006,5,1,Reefer,Produits laitiers,Chilled,0,0.67,309.6,829.7,11056.9,8.6,28.376889295906583,-13.245311520857024
S100757,2025-02-20,Taroudant,Souss-Massa,Meknès,Fès-Meknès,30.4725,-8.8761,33.8935,-5.5473,558.2,466,442,-24,1,Dry Van,Export,Ambient,0,0.7,180.2,482.8,5483.3,8.8,32.876235159469964,-7.664497499458721
S100758,2025-05-27,Agadir,Souss-Massa,Oujda,Oriental,30.4278,-9.5981,34.6814,-1.9086,865.7,786,790,4,1,Dry Van,Jus de fruits,Ambient,0,0.71,280.3,751.3,8325.1,6.4,33.305876955641295,-3.6853192747233057
S100759,2025-04-18,Taroudant,Souss-Massa,Fès,Fès-Meknès,30.4725,-8.8761,34.0181,-5.0078,519.2,550,559,8,1,Dry Van,Agro-alimentaire,Ambient,0,0.69,179.3,480.5,4010.8,8.5,31.653703541920436,-6.676742623531403
S100760,2025-08-18,Casablanca,Casablanca-Settat,Laâyoune,Laâyoune-Sakia El Hamra,33.5731,-7.5898,27.1517,-13.1997,678.4,748,756,7,1,Reefer,Primeurs,Chilled,0,0.84,237.4,636.2,7717.9,9.6,30.241230334501672,-11.305529923365462
S100761,2025-01-18,Casablanca,Casablanca-Settat,Marrakech,Marrakech-Safi,33.5731,-7.5898,31.6295,-7.9811,193.2,192,209,16,0,Dry Van,Jus de fruits,Ambient,0,0.81,67.1,179.9,1801.1,9.0,32.15145706880369,-7.844458119460411
S100762,2025-02-22,Taroudant,Souss-Massa,Marrakech,Marrakech-Safi,30.4725,-8.8761,31.6295,-7.9811,169.2,149,151,2,1,Reefer,Viande,Chilled,0,0.73,49.9,133.8,1893.1,4.9,31.191741620249605,-8.011267275021511
S100763,2025-07-29,Taroudant,Souss-Massa,Tanger,Tanger-Tétouan-Al Hoceïma,30.4725,-8.8761,35.7595,-5.83395,630.3,524,524,0,1,Dry Van,Jus de fruits,Ambient,0,0.71,182.3,488.6,4899.1,9.7,34.20720067481905,-7.533644314258333
S100764,2025-01-05,Taroudant,Souss-Massa,Fès,Fès-Meknès,30.4725,-8.8761,34.0181,-5.0078,615.2,593,623,29,0,Dry Van,Agrumes,Ambient,0,0.64,177.3,475.2,4775.2,7.7,32.303828403469964,-6.147015874393107
S100765,2025-03-31,Taroudant,Souss-Massa,Marrakech,Marrakech-Safi,30.4725,-8.8761,31.6295,-7.9811,199.2,165,170,4,1,Reefer,Produits laitiers,Chilled,0,0.83,67.9,182.1,2061.1,7.7,31.03486474621765,-8.534168504649429
S100766,2025-08-10,Casablanca,Casablanca-Settat,Tanger,Tanger-Tétouan-Al Hoceïma,33.5731,-7.5898,35.7595,-5.83395,298.0,240,254,14,1,Dry Van,Agrumes,Ambient,0,0.64,90.1,241.5,2595.3,7.9,35.12723810545057,-6.764632289656059
S100767,2025-03-17,Casablanca,Casablanca-Settat,Agadir Aït Melloul,Souss-Massa,33.5731,-7.5898,30.322,-9.373,331.6,362,388,26,0,Dry Van,Jus de fruits,Ambient,0,0.91,108.2,289.8,3005.0,10.8,32.57730994789316,-8.837889742185244
S100768,2025-04-12,Taroudant,Souss-Massa,Laâyoune,Laâyoune-Sakia El Hamra,30.4725,-8.8761,27.1517,-13.1997,599.9,527,498,-28,1,Reefer,Produits laitiers,Chilled,0,0.88,168.3,451.1,6914.7,8.0,28.126446511828007,-10.834136554982187
S100769,2025-08-12,Agadir,Souss-Massa,Rabat,Rabat-Salé-Kénitra,30.4278,-9.5981,34.0209,-6.8416,447.8,470,526,55,0,Dry Van,Export,Ambient,0,0.83,127.7,342.2,3934.1,8.2,32.337913324818935,-7.778148216175561
S100770,2025-02-28,Agadir,Souss-Massa,Rabat,Rabat-Salé-Kénitra,30.4278,-9.5981,34.0209,-6.8416,443.2,450,458,7,1,Reefer,Primeurs,Chilled,0,0.74,129.7,347.6,4460.5,7.6,32.82206981169249,-7.7672897534638015
S100771,2025-01-04,Agadir,Souss-Massa,Béni Mellal,Béni Mellal-Khénifra,30.4278,-9.5981,32.3373,-6.3498,382.6,357,358,1,1,Dry Van,Jus de fruits,Ambient,0,0.74,125.0,334.9,3170.7,8.5,31.90864677139473,-8.680926147036557
S100772,2025-06-08,Taroudant,Souss-Massa,Rabat,Rabat-Salé-Kénitra,30.4725,-8.8761,34.0209,-6.8416,328.3,303,320,16,0,Reefer,Produits laitiers,Chilled,0,0.76,101.7,272.6,3198.9,7.4,32.13635046797912,-7.803299231427222
S100773,2025-07-25,Agadir,Souss-Massa,Kénitra,Rabat-Salé-Kénitra,30.4278,-9.5981,34.2541,-6.589,480.5,392,419,27,0,Dry Van,Jus de fruits,Ambient,0,0.65,166.3,445.8,4655.1,7.9,33.08552110913287,-8.256335780559635
S100774,2025-07-17,Taroudant,Souss-Massa,Kénitra,Rabat-Salé-Kénitra,30.4725,-8.8761,34.2541,-6.589,535.8,447,454,7,1,Dry Van,Export,Ambient,0,0.68,182.8,490.0,4328.1,8.8,32.07605901725539,-7.374666140668853
S100775,2025-09-06,Casablanca,Casablanca-Settat,Oujda,Oriental,33.5731,-7.5898,34.6814,-1.9086,538.6,424,394,-29,1,Reefer,Viande,Chilled,0,0.8,184.0,493.1,6675.3,6.7,33.96076575142545,-4.310380788610733
S100776,2025-08-20,Taroudant,Souss-Massa,Agadir Aït Melloul,Souss-Massa,30.4725,-8.8761,30.322,-9.373,59.6,55,42,-12,1,Reefer,Primeurs,Chilled,0,0.91,17.6,47.3,649.6,12.0,30.58825137177342,-9.207256584509128
S100777,2025-03-04,Casablanca,Casablanca-Settat,Oujda,Oriental,33.5731,-7.5898,34.6814,-1.9086,598.5,609,633,24,0,Dry Van,Jus de fruits,Ambient,0,0.77,202.5,542.6,5441.4,10.1,34.187319437573436,-5.2167982234350605
S100778,2025-01-01,Casablanca,Casablanca-Settat,Marrakech,Marrakech-Safi,33.5731,-7.5898,31.6295,-7.9811,257.9,246,282,35,0,Reefer,Primeurs,Chilled,0,0.82,85.5,229.1,3093.0,12.8,32.58178440197978,-8.004423488905601
S100779,2025-08-23,Taroudant,Souss-Massa,Meknès,Fès-Meknès,30.4725,-8.8761,33.8935,-5.5473,395.3,404,439,34,0,Dry Van,Agrumes,Ambient,0,0.74,141.7,379.7,3623.2,11.4,33.042617389213824,-6.529541933070934
S100780,2025-04-19,Agadir,Souss-Massa,Oujda,Oriental,30.4278,-9.5981,34.6814,-1.9086,690.1,615,587,-27,1,Reefer,Agro-alimentaire,Ambient,0,0.78,207.8,557.0,8511.1,9.5,33.23726861380301,-5.689815795511651
S100781,2025-05-01,Agadir,Souss-Massa,Oujda,Oriental,30.4278,-9.5981,34.6814,-1.9086,629.5,508,544,35,0,Dry Van,Agro-alimentaire,Ambient,0,0.63,185.3,496.6,4799.7,9.6,34.006739711204105,-4.135965800410564
S100782,2025-03-21,Agadir,Souss-Massa,Dakhla,Dakhla-Oued Ed-Dahab,30.4278,-9.5981,23.6848,-15.957,931.7,778,751,-27,1,Reefer,Viande,Chilled,0,0.88,323.0,865.6,11139.4,3.8,25.600087464511436,-14.154428423509982
S100783,2025-07-08,Casablanca,Casablanca-Settat,Meknès,Fès-Meknès,33.5731,-7.5898,33.8935,-5.5473,202.1,181,191,10,1,Reefer,Viande,Chilled,0,0.77,58.0,155.5,2393.2,6.8,33.677617324070226,-6.355354713721638
S100784,2025-09-03,Agadir,Souss-Massa,Agadir Aït Melloul,Souss-Massa,30.4278,-9.5981,30.322,-9.373,26.7,23,34,11,1,Dry Van,Export,Ambient,0,0.83,9.1,24.5,239.3,7.6,30.725804219827502,-9.221693962847764
S100785,2025-04-11,Taroudant,Souss-Massa,Dakhla,Dakhla-Oued Ed-Dahab,30.4725,-8.8761,23.6848,-15.957,1061.4,839,828,-10,1,Reefer,Viande,Chilled,0,0.75,303.9,814.3,11287.3,8.2,28.039131504623047,-12.917252290460617
S100786,2025-02-14,Taroudant,Souss-Massa,Meknès,Fès-Meknès,30.4725,-8.8761,33.8935,-5.5473,538.6,585,597,11,1,Reefer,Primeurs,Chilled,0,0.8,166.0,445.0,5875.0,5.8,33.28455509368575,-6.579401743740441
S100787,2025-05-22,Taroudant,Souss-Massa,Dakhla,Dakhla-Oued Ed-Dahab,30.4725,-8.8761,23.6848,-15.957,1154.7,953,926,-27,1,Dry Van,Export,Ambient,0,0.72,352.1,943.8,9644.0,9.9,27.233566551157317,-13.137919261797686
S100788,2025-04-07,Taroudant,Souss-Massa,Oujda,Oriental,30.4725,-8.8761,34.6814,-1.9086,739.6,634,632,-1,1,Reefer,Primeurs,Chilled,0,0.81,220.1,589.9,8965.2,9.2,32.217280176711476,-6.485835445687145
S100789,2025-04-27,Agadir,Souss-Massa,Agadir Aït Melloul,Souss-Massa,30.4278,-9.5981,30.322,-9.373,20.0,18,31,13,1,Reefer,Produits laitiers,Chilled,0,0.85,6.4,17.3,214.3,6.3,30.243894474704437,-9.515840687246252
S100790,2025-02-25,Taroudant,Souss-Massa,Marrakech,Marrakech-Safi,30.4725,-8.8761,31.6295,-7.9811,120.0,113,77,-36,1,Dry Van,Agro-alimentaire,Ambient,0,0.78,40.3,108.1,1114.8,6.4,30.993373513003178,-8.485080670621258
S100791,2025-08-13,Agadir,Souss-Massa,Agadir Aït Melloul,Souss-Massa,30.4278,-9.5981,30.322,-9.373,23.6,21,58,37,0,Dry Van,Jus de fruits,Ambient,0,0.83,7.9,21.3,219.9,8.7,30.284165877072216,-9.480675186586485
S100792,2025-07-02,Casablanca,Casablanca-Settat,Marrakech,Marrakech-Safi,33.5731,-7.5898,31.6295,-7.9811,210.8,198,208,9,1,Dry Van,Jus de fruits,Ambient,0,0.51,73.4,196.8,1745.5,7.8,32.457382754129235,-7.73998793091866
S100793,2025-03-17,Taroudant,Souss-Massa,Dakhla,Dakhla-Oued Ed-Dahab,30.4725,-8.8761,23.6848,-15.957,1005.0,886,875,-11,1,Reefer,Produits laitiers,Chilled,0,0.76,345.3,925.3,11154.3,4.9,25.58016847328885,-11.663168217695283
S100794,2025-08-24,Agadir,Souss-Massa,Tanger,Tanger-Tétouan-Al Hoceïma,30.4278,-9.5981,35.7595,-5.83395,807.7,700,735,34,0,Reefer,Produits laitiers,Chilled,0,0.89,260.1,697.0,8363.9,7.0,32.45434002297471,-8.352141350253557
S100795,2025-07-13,Agadir,Souss-Massa,Rabat,Rabat-Salé-Kénitra,30.4278,-9.5981,34.0209,-6.8416,547.0,523,478,-44,1,Dry Van,Agrumes,Ambient,0,0.74,185.0,495.8,4659.6,12.2,32.51042657510139,-7.600096408973273
S100796,2025-04-07,Taroudant,Souss-Massa,Rabat,Rabat-Salé-Kénitra,30.4725,-8.8761,34.0209,-6.8416,254.9,236,230,-6,1,Reefer,Produits laitiers,Chilled,0,0.74,83.8,224.6,3113.4,10.8,33.20381745371752,-7.292182004447234
S100797,2025-08-20,Casablanca,Casablanca-Settat,Dakhla,Dakhla-Oued Ed-Dahab,33.5731,-7.5898,23.6848,-15.957,1190.8,1097,1110,13,1,Dry Van,Agrumes,Ambient,0,0.89,385.0,1031.9,10122.0,10.4,25.98166123215095,-12.529994463133022
S100798,2025-05-15,Casablanca,Casablanca-Settat,Dakhla,Dakhla-Oued Ed-Dahab,33.5731,-7.5898,23.6848,-15.957,1789.1,1607,1589,-17,1,Reefer,Viande,Chilled,0,0.66,592.1,1586.7,19921.7,5.8,29.48984837391389,-13.587019591056581
S100799,2025-02-18,Agadir,Souss-Massa,Rabat,Rabat-Salé-Kénitra,30.4278,-9.5981,34.0209,-6.8416,434.9,366,367,0,1,Dry Van,Jus de fruits,Ambient,0,0.7,149.5,400.8,3330.1,5.5,33.028802282353,-7.927821697737641
S100800,2025-05-12,Agadir,Souss-Massa,Oujda,Oriental,30.4278,-9.5981,34.6814,-1.9086,695.8,590,589,-1,1,Dry Van,Jus de fruits,Ambient,0,0.61,210.4,563.9,7145.0,3.9,32.67252084892512,-5.148560838444242
S100801,2025-06-16,Taroudant,Souss-Massa,Rabat,Rabat-Salé-Kénitra,30.4725,-8.8761,34.0209,-6.8416,342.2,299,317,17,0,Dry Van,Export,Ambient,0,0.67,108.8,291.6,2881.7,9.0,32.41476030230526,-8.213906300573976
S100802,2025-02-25,Agadir,Souss-Massa,Béni Mellal,Béni Mellal-Khénifra,30.4278,-9.5981,32.3373,-6.3498,426.4,365,378,13,1,Dry Van,Export,Ambient,0,0.91,150.1,402.3,4054.7,9.8,31.06215875536569,-7.486698060170244
S100803,2025-08-11,Casablanca,Casablanca-Settat,Oujda,Oriental,33.5731,-7.5898,34.6814,-1.9086,310.4,262,261,-1,1,Reefer,Viande,Chilled,0,0.73,101.7,272.5,3009.8,6.3,33.827872037751106,-5.162972536978493
S100804,2025-05-13,Casablanca,Casablanca-Settat,Meknès,Fès-Meknès,33.5731,-7.5898,33.8935,-5.5473,209.3,201,228,26,0,Reefer,Primeurs,Chilled,0,0.68,71.7,192.2,2081.0,8.0,34.000890871665916,-6.12132971870268
S100805,2025-08-08,Casablanca,Casablanca-Settat,Fès,Fès-Meknès,33.5731,-7.5898,34.0181,-5.0078,221.8,216,273,56,0,Dry Van,Jus de fruits,Ambient,0,0.81,79.1,212.1,1796.8,5.2,34.007579913361575,-6.697048125734127
S100806,2025-04-15,Agadir,Souss-Massa,Marrakech,Marrakech-Safi,30.4278,-9.5981,31.6295,-7.9811,215.9,183,185,1,1,Reefer,Viande,Chilled,0,0.69,68.4,183.4,2553.8,2.1,31.0875268695636,-9.000796435232285
S100807,2025-01-31,Agadir,Souss-Massa,Tanger,Tanger-Tétouan-Al Hoceïma,30.4278,-9.5981,35.7595,-5.83395,857.3,878,924,45,0,Reefer,Viande,Chilled,0,0.68,301.3,807.5,9108.9,4.3,33.994500086496004,-7.837772722634997
S100808,2025-01-27,Casablanca,Casablanca-Settat,Dakhla,Dakhla-Oued Ed-Dahab,33.5731,-7.5898,23.6848,-15.957,1140.8,1102,1147,45,0,Reefer,Primeurs,Chilled,0,0.7,374.5,1003.5,13286.9,6.8,25.932866840034073,-12.022053731965274
S100809,2025-02-16,Casablanca,Casablanca-Settat,Oujda,Oriental,33.5731,-7.5898,34.6814,-1.9086,384.4,390,411,21,0,Reefer,Produits laitiers,Chilled,0,0.92,124.6,334.0,4086.9,7.3,34.61488518066445,-4.382638889755258
S100810,2025-02-25,Agadir,Souss-Massa,Kénitra,Rabat-Salé-Kénitra,30.4278,-9.5981,34.2541,-6.589,543.5,433,445,12,1,Reefer,Agro-alimentaire,Ambient,0,0.91,193.2,517.8,5551.9,7.1,31.963620341841526,-7.158579259497864
S100811,2025-02-11,Agadir,Souss-Massa,Dakhla,Dakhla-Oued Ed-Dahab,30.4278,-9.5981,23.6848,-15.957,985.6,872,884,12,1,Dry Van,Agrumes,Ambient,0,0.74,345.1,924.8,9082.3,12.3,26.623564594809416,-13.240249352554223
S100812,2025-02-24,Agadir,Souss-Massa,Tanger,Tanger-Tétouan-Al Hoceïma,30.4278,-9.5981,35.7595,-5.83395,523.6,464,487,23,0,Dry Van,Agrumes,Ambient,0,0.65,183.5,491.7,4313.8,7.8,32.886248475416146,-8.41869851533727
S100813,2025-09-01,Taroudant,Souss-Massa,Kénitra,Rabat-Salé-Kénitra,30.4725,-8.8761,34.2541,-6.589,429.6,357,384,26,0,Dry Van,Jus de fruits,Ambient,0,0.78,133.6,357.9,3852.8,5.2,33.23006917242079,-7.266537197873127
S100814,2025-01-27,Agadir,Souss-Massa,Laâyoune,Laâyoune-Sakia El Hamra,30.4278,-9.5981,27.1517,-13.1997,425.4,387,396,8,1,Dry Van,Export,Ambient,0,0.6,122.9,329.3,4140.4,14.7,28.36523038468113,-11.187029325938827
S100815,2025-04-02,Agadir,Souss-Massa,Laâyoune,Laâyoune-Sakia El Hamra,30.4278,-9.5981,27.1517,-13.1997,351.4,383,397,14,1,Dry Van,Agrumes,Ambient,0,0.54,100.0,268.0,3200.6,9.3,28.474655345508243,-12.241052137092183
S100816,2025-08-06,Taroudant,Souss-Massa,Dakhla,Dakhla-Oued Ed-Dahab,30.4725,-8.8761,23.6848,-15.957,950.6,785,803,18,0,Reefer,Viande,Chilled,0,0.59,338.2,906.3,9643.2,3.9,27.753603430726127,-11.355972225666255
S100817,2025-07-11,Casablanca,Casablanca-Settat,Kénitra,Rabat-Salé-Kénitra,33.5731,-7.5898,34.2541,-6.589,156.7,155,159,3,1,Reefer,Primeurs,Chilled,0,0.83,48.5,129.9,1628.0,7.0,33.8587073743334,-7.298760530619021
S100818,2025-07-14,Agadir,Souss-Massa,Agadir Aït Melloul,Souss-Massa,30.4278,-9.5981,30.322,-9.373,25.0,23,77,53,0,Dry Van,Agrumes,Ambient,0,0.63,8.1,21.6,189.6,14.2,30.437491556299783,-9.417570147320404
S100819,2025-05-30,Taroudant,Souss-Massa,Béni Mellal,Béni Mellal-Khénifra,30.4725,-8.8761,32.3373,-6.3498,298.5,273,287,13,1,Dry Van,Jus de fruits,Ambient,0,0.88,107.2,287.2,2264.5,6.2,31.67976438834366,-7.82437042634333
S100820,2025-08-25,Casablanca,Casablanca-Settat,Rabat,Rabat-Salé-Kénitra,33.5731,-7.5898,34.0209,-6.8416,100.0,94,95,1,1,Reefer,Export,Ambient,0,0.59,33.7,90.4,1093.1,16.2,33.92335575503358,-7.2204986047700395
S100821,2025-08-01,Agadir,Souss-Massa,Fès,Fès-Meknès,30.4278,-9.5981,34.0181,-5.0078,627.9,499,508,8,1,Dry Van,Agro-alimentaire,Ambient,0,0.74,182.2,488.3,6520.9,7.3,32.422693809879455,-7.094572695192983
S100822,2025-07-22,Casablanca,Casablanca-Settat,Kénitra,Rabat-Salé-Kénitra,33.5731,-7.5898,34.2541,-6.589,89.0,79,113,33,0,Reefer,Primeurs,Chilled,0,0.68,31.4,84.2,938.7,9.8,34.13602593636693,-7.365499926005027
S100823,2025-08-30,Taroudant,Souss-Massa,Marrakech,Marrakech-Safi,30.4725,-8.8761,31.6295,-7.9811,149.3,149,148,0,1,Reefer,Primeurs,Chilled,0,0.75,51.1,136.9,1685.8,8.7,30.869504224218108,-8.689302163704827
S100824,2025-04-08,Casablanca,Casablanca-Settat,Béni Mellal,Béni Mellal-Khénifra,33.5731,-7.5898,32.3373,-6.3498,153.2,145,157,11,1,Reefer,Produits laitiers,Chilled,0,0.59,47.7,127.9,1732.8,8.6,32.37537157147722,-6.701386557775404
S100825,2025-02-07,Agadir,Souss-Massa,Oujda,Oriental,30.4278,-9.5981,34.6814,-1.9086,1128.8,1080,1055,-24,1,Dry Van,Jus de fruits,Ambient,0,0.71,338.2,906.2,10378.4,6.0,32.72659419465393,-5.084869969948377
S100826,2025-02-14,Agadir,Souss-Massa,Béni Mellal,Béni Mellal-Khénifra,30.4278,-9.5981,32.3373,-6.3498,220.2,199,187,-11,1,Dry Van,Jus de fruits,Ambient,0,0.74,67.6,181.3,1938.3,7.7,31.16247361195563,-7.225856171698127
S100827,2025-06-27,Agadir,Souss-Massa,Laâyoune,Laâyoune-Sakia El Hamra,30.4278,-9.5981,27.1517,-13.1997,526.4,501,522,20,0,Dry Van,Agrumes,Ambient,0,0.72,153.3,410.7,4790.4,8.4,27.425150854268864,-11.95484805375713
S100828,2025-07-30,Agadir,Souss-Massa,Meknès,Fès-Meknès,30.4278,-9.5981,33.8935,-5.5473,484.0,380,344,-35,1,Reefer,Primeurs,Chilled,0,0.79,136.6,366.1,5628.9,8.3,32.968854452776384,-7.914960304571924
S100829,2025-02-15,Casablanca,Casablanca-Settat,Dakhla,Dakhla-Oued Ed-Dahab,33.5731,-7.5898,23.6848,-15.957,1200.3,1077,1134,56,0,Dry Van,Jus de fruits,Ambient,0,0.55,423.2,1134.2,10101.0,5.4,27.06766761271284,-11.854562692587503
S100830,2025-03-23,Agadir,Souss-Massa,Marrakech,Marrakech-Safi,30.4278,-9.5981,31.6295,-7.9811,195.2,175,198,23,0,Dry Van,Agro-alimentaire,Ambient,0,0.78,58.7,157.2,1938.9,9.6,30.96199765988194,-8.965762213951843
S100831,2025-02-25,Agadir,Souss-Massa,Oujda,Oriental,30.4278,-9.5981,34.6814,-1.9086,929.4,967,927,-40,1,Reefer,Primeurs,Chilled,0,0.78,298.3,799.5,11078.9,8.9,32.667275081161435,-3.9433235112926055
S100832,2025-08-27,Agadir,Souss-Massa,Kénitra,Rabat-Salé-Kénitra,30.4278,-9.5981,34.2541,-6.589,450.4,473,455,-17,1,Dry Van,Jus de fruits,Ambient,0,0.67,127.4,341.5,3522.3,9.3,32.22368319660939,-7.255239314683543
S100833,2025-01-18,Taroudant,Souss-Massa,Oujda,Oriental,30.4725,-8.8761,34.6814,-1.9086,620.8,531,507,-23,1,Dry Van,Jus de fruits,Ambient,0,0.83,176.2,472.2,5745.7,6.1,31.778431197863735,-4.032297079616704
S100834,2025-08-15,Taroudant,Souss-Massa,Rabat,Rabat-Salé-Kénitra,30.4725,-8.8761,34.0209,-6.8416,354.4,296,338,42,0,Reefer,Agro-alimentaire,Ambient,0,0.49,101.6,272.3,4154.6,8.9,32.95591177181686,-7.346535633124557
S100835,2025-07-20,Agadir,Souss-Massa,Béni Mellal,Béni Mellal-Khénifra,30.4278,-9.5981,32.3373,-6.3498,346.8,277,302,25,0,Dry Van,Agro-alimentaire,Ambient,0,0.68,116.6,312.6,3263.0,7.2,31.85202007825891,-8.18564999358334
S100836,2025-04-29,Agadir,Souss-Massa,Tanger,Tanger-Tétouan-Al Hoceïma,30.4278,-9.5981,35.7595,-5.83395,801.5,690,711,21,0,Reefer,Primeurs,Chilled,0,0.75,272.6,730.7,8169.0,8.0,32.792436787638906,-7.886014703394549
S100837,2025-03-19,Taroudant,Souss-Massa,Marrakech,Marrakech-Safi,30.4725,-8.8761,31.6295,-7.9811,171.3,146,177,31,0,Reefer,Produits laitiers,Chilled,0,0.84,48.7,130.4,2044.2,9.0,31.119175970686133,-8.439678551174518
S100838,2025-03-04,Agadir,Souss-Massa,Béni Mellal,Béni Mellal-Khénifra,30.4278,-9.5981,32.3373,-6.3498,370.4,326,376,50,0,Reefer,Primeurs,Chilled,0,0.67,115.7,310.0,4354.5,9.8,32.15715773906273,-8.257755522130156
S100839,2025-02-17,Agadir,Souss-Massa,Dakhla,Dakhla-Oued Ed-Dahab,30.4278,-9.5981,23.6848,-15.957,919.5,901,952,50,0,Dry Van,Agro-alimentaire,Ambient,0,0.64,263.6,706.3,8938.4,5.7,26.562401641762122,-14.726526879984112
S100840,2025-03-11,Casablanca,Casablanca-Settat,Oujda,Oriental,33.5731,-7.5898,34.6814,-1.9086,377.5,302,333,31,0,Dry Van,Jus de fruits,Ambient,0,0.69,120.9,323.9,3061.8,7.7,34.148881652273126,-5.825117991612391
S100841,2025-05-31,Casablanca,Casablanca-Settat,Agadir Aït Melloul,Souss-Massa,33.5731,-7.5898,30.322,-9.373,430.9,362,375,12,1,Reefer,Primeurs,Chilled,0,0.91,151.9,407.1,4418.4,5.5,31.51863049017602,-8.971384872647326
S100842,2025-02-10,Agadir,Souss-Massa,Laâyoune,Laâyoune-Sakia El Hamra,30.4278,-9.5981,27.1517,-13.1997,469.7,418,459,40,0,Dry Van,Agrumes,Ambient,0,0.66,150.3,402.8,4869.6,8.7,27.965443918554435,-11.61900457223006
S100843,2025-02-21,Casablanca,Casablanca-Settat,Meknès,Fès-Meknès,33.5731,-7.5898,33.8935,-5.5473,186.1,156,160,4,1,Reefer,Primeurs,Chilled,0,0.67,65.4,175.1,1857.0,12.2,33.64043514688317,-6.16342453287569
S100844,2025-07-30,Taroudant,Souss-Massa,Agadir Aït Melloul,Souss-Massa,30.4725,-8.8761,30.322,-9.373,38.2,38,31,-6,1,Reefer,Produits laitiers,Chilled,0,0.84,11.3,30.3,470.6,7.7,30.384083579715732,-9.135008070058202
S100845,2025-03-07,Casablanca,Casablanca-Settat,Tanger,Tanger-Tétouan-Al Hoceïma,33.5731,-7.5898,35.7595,-5.83395,326.4,279,265,-14,1,Reefer,Produits laitiers,Chilled,0,0.83,101.7,272.7,3676.4,8.6,35.091145385384436,-6.87399329162419
S100846,2025-06-23,Agadir,Souss-Massa,Meknès,Fès-Meknès,30.4278,-9.5981,33.8935,-5.5473,567.7,476,456,-19,1,Dry Van,Jus de fruits,Ambient,0,0.76,182.8,490.0,4275.2,8.6,32.46823173997858,-7.092394452513697
S100847,2025-07-01,Casablanca,Casablanca-Settat,Béni Mellal,Béni Mellal-Khénifra,33.5731,-7.5898,32.3373,-6.3498,194.4,171,159,-11,1,Reefer,Viande,Chilled,0,0.88,56.8,152.3,2313.0,7.0,33.13917548897748,-6.746168958680703
S100848,2025-02-02,Taroudant,Souss-Massa,Oujda,Oriental,30.4725,-8.8761,34.6814,-1.9086,999.0,1077,1055,-21,1,Reefer,Primeurs,Chilled,0,0.61,308.5,826.8,12094.5,6.4,33.15126089296421,-6.360698796324942
S100849,2025-06-30,Agadir,Souss-Massa,Laâyoune,Laâyoune-Sakia El Hamra,30.4278,-9.5981,27.1517,-13.1997,446.0,359,358,0,1,Dry Van,Agro-alimentaire,Ambient,0,0.58,132.9,356.3,3434.9,9.7,28.52663628352699,-12.042242516122023
S100850,2025-04-26,Casablanca,Casablanca-Settat,Meknès,Fès-Meknès,33.5731,-7.5898,33.8935,-5.5473,142.3,136,153,17,0,Dry Van,Export,Ambient,0,0.66,47.5,127.3,1482.5,10.7,33.65861248762414,-6.481121625423916
S100851,2025-07-19,Taroudant,Souss-Massa,Kénitra,Rabat-Salé-Kénitra,30.4725,-8.8761,34.2541,-6.589,517.0,418,442,24,0,Dry Van,Agrumes,Ambient,0,0.63,181.1,485.5,4820.6,10.1,32.52275498446139,-7.437937803734894
S100852,2025-05-13,Taroudant,Souss-Massa,Fès,Fès-Meknès,30.4725,-8.8761,34.0181,-5.0078,384.0,391,392,0,1,Dry Van,Jus de fruits,Ambient,0,0.74,138.0,369.8,2962.4,7.1,32.24580493123476,-6.390594645374901
S100853,2025-01-30,Casablanca,Casablanca-Settat,Fès,Fès-Meknès,33.5731,-7.5898,34.0181,-5.0078,276.1,241,219,-22,1,Dry Van,Export,Ambient,0,0.89,91.9,246.3,2762.9,10.6,33.59158678800549,-6.0546818347916895
S100854,2025-03-18,Casablanca,Casablanca-Settat,Oujda,Oriental,33.5731,-7.5898,34.6814,-1.9086,643.5,554,552,-2,1,Dry Van,Export,Ambient,0,0.68,192.1,514.8,6244.9,12.8,33.99913506600086,-3.4568954377691954
S100855,2025-04-11,Agadir,Souss-Massa,Dakhla,Dakhla-Oued Ed-Dahab,30.4278,-9.5981,23.6848,-15.957,594.8,544,525,-18,1,Reefer,Viande,Chilled,0,0.77,188.0,503.8,5687.2,7.3,27.31232238817951,-13.84099999577745
S100856,2025-01-01,Casablanca,Casablanca-Settat,Tanger,Tanger-Tétouan-Al Hoceïma,33.5731,-7.5898,35.7595,-5.83395,312.0,292,310,17,0,Reefer,Primeurs,Chilled,0,0.73,97.4,261.0,3572.4,9.8,34.664907840365814,-6.514042948966537
S100857,2025-08-18,Taroudant,Souss-Massa,Marrakech,Marrakech-Safi,30.4725,-8.8761,31.6295,-7.9811,137.3,124,149,24,0,Dry Van,Export,Ambient,0,0.61,47.0,125.9,1047.4,10.5,30.97243294209995,-8.191238310495466
S100858,2025-01-03,Taroudant,Souss-Massa,Meknès,Fès-Meknès,30.4725,-8.8761,33.8935,-5.5473,445.3,402,414,11,1,Reefer,Jus de fruits,Ambient,0,0.81,156.6,419.7,4612.7,8.8,33.06421048989316,-6.014063348698243
S100859,2025-02-17,Casablanca,Casablanca-Settat,Marrakech,Marrakech-Safi,33.5731,-7.5898,31.6295,-7.9811,256.5,232,275,42,0,Dry Van,Export,Ambient,0,0.63,75.3,201.7,2481.0,11.0,32.745380013878986,-7.867087905390651
S100860,2025-03-27,Taroudant,Souss-Massa,Fès,Fès-Meknès,30.4725,-8.8761,34.0181,-5.0078,677.8,634,668,33,0,Dry Van,Export,Ambient,0,0.62,214.7,575.5,5254.4,11.6,32.672114840929794,-6.478355555661912
S100861,2025-01-23,Taroudant,Souss-Massa,Fès,Fès-Meknès,30.4725,-8.8761,34.0181,-5.0078,428.0,343,316,-27,1,Reefer,Primeurs,Chilled,0,0.71,123.1,329.9,4717.9,13.2,32.902575320595616,-6.838472089022216
S100862,2025-03-15,Taroudant,Souss-Massa,Béni Mellal,Béni Mellal-Khénifra,30.4725,-8.8761,32.3373,-6.3498,378.7,337,320,-16,1,Reefer,Produits laitiers,Chilled,0,0.75,109.9,294.7,3664.4,7.5,31.833184859068297,-6.94302717668525
S100863,2025-08-11,Casablanca,Casablanca-Settat,Marrakech,Marrakech-Safi,33.5731,-7.5898,31.6295,-7.9811,276.4,262,243,-19,1,Reefer,Viande,Chilled,0,0.87,80.3,215.3,3146.8,3.7,32.396101018137315,-8.170571096657513
S100864,2025-03-28,Taroudant,Souss-Massa,Laâyoune,Laâyoune-Sakia El Hamra,30.4725,-8.8761,27.1517,-13.1997,523.8,516,532,16,0,Dry Van,Agro-alimentaire,Ambient,0,0.68,186.0,498.5,5491.3,10.2,29.217322281729782,-10.489887103436352
S100865,2025-04-30,Agadir,Souss-Massa,Agadir Aït Melloul,Souss-Massa,30.4278,-9.5981,30.322,-9.373,27.0,25,67,41,0,Dry Van,Jus de fruits,Ambient,0,0.77,7.6,20.4,210.1,8.0,30.256460302942457,-9.503106537623465
S100866,2025-07-01,Taroudant,Souss-Massa,Béni Mellal,Béni Mellal-Khénifra,30.4725,-8.8761,32.3373,-6.3498,341.0,285,295,10,1,Reefer,Viande,Chilled,0,0.69,110.2,295.2,4202.3,5.6,31.099790591793628,-6.831340080219002
S100867,2025-03-29,Agadir,Souss-Massa,Béni Mellal,Béni Mellal-Khénifra,30.4278,-9.5981,32.3373,-6.3498,339.3,312,319,7,1,Reefer,Produits laitiers,Chilled,0,0.66,111.2,298.1,3607.3,10.4,31.57873596789618,-8.729069681884132
S100868,2025-06-21,Taroudant,Souss-Massa,Kénitra,Rabat-Salé-Kénitra,30.4725,-8.8761,34.2541,-6.589,386.1,344,368,24,0,Dry Van,Jus de fruits,Ambient,0,0.55,109.7,294.0,3856.3,2.9,31.638438483283338,-7.567017026558547
S100869,2025-02-22,Taroudant,Souss-Massa,Marrakech,Marrakech-Safi,30.4725,-8.8761,31.6295,-7.9811,165.7,158,163,5,1,Reefer,Produits laitiers,Chilled,0,0.73,52.0,139.3,1775.7,12.9,30.966796141795083,-8.232257742412454
S100870,2025-01-11,Taroudant,Souss-Massa,Kénitra,Rabat-Salé-Kénitra,30.4725,-8.8761,34.2541,-6.589,516.2,440,471,30,0,Dry Van,Jus de fruits,Ambient,0,0.79,160.0,428.7,4760.4,7.9,32.73224955062474,-7.508211157981683
S100871,2025-05-17,Agadir,Souss-Massa,Béni Mellal,Béni Mellal-Khénifra,30.4278,-9.5981,32.3373,-6.3498,410.9,430,419,-10,1,Reefer,Primeurs,Chilled,0,0.96,137.7,368.9,4267.6,10.0,32.13792517213702,-8.272478683653864
S100872,2025-03-17,Taroudant,Souss-Massa,Agadir Aït Melloul,Souss-Massa,30.4725,-8.8761,30.322,-9.373,56.8,56,86,30,0,Reefer,Produits laitiers,Chilled,0,0.8,16.8,45.0,588.5,5.3,30.388269071485652,-9.091510370005143
S100873,2025-04-30,Casablanca,Casablanca-Settat,Béni Mellal,Béni Mellal-Khénifra,33.5731,-7.5898,32.3373,-6.3498,181.8,181,175,-6,1,Dry Van,Agrumes,Ambient,0,0.68,64.9,174.1,1759.6,10.9,33.00538430367483,-7.0297207263466035
S100874,2025-02-09,Taroudant,Souss-Massa,Meknès,Fès-Meknès,30.4725,-8.8761,33.8935,-5.5473,551.1,513,552,39,0,Dry Van,Agrumes,Ambient,0,0.6,164.8,441.8,5067.7,10.7,31.660182757638097,-6.928499658243069
S100875,2025-02-26,Agadir,Souss-Massa,Agadir Aït Melloul,Souss-Massa,30.4278,-9.5981,30.322,-9.373,20.0,18,36,18,0,Reefer,Produits laitiers,Chilled,0,0.88,5.9,15.7,190.0,7.2,30.29481482572718,-9.327330478525353
S100876,2025-03-09,Casablanca,Casablanca-Settat,Rabat,Rabat-Salé-Kénitra,33.5731,-7.5898,34.0209,-6.8416,99.2,92,118,25,0,Dry Van,Agrumes,Ambient,0,0.61,31.1,83.4,780.0,9.1,33.8880385544864,-7.122523128413094
S100877,2025-08-28,Casablanca,Casablanca-Settat,Oujda,Oriental,33.5731,-7.5898,34.6814,-1.9086,583.9,618,643,25,0,Reefer,Produits laitiers,Chilled,0,0.76,184.8,495.3,6958.6,5.8,33.855987905652476,-3.548123009942857
S100878,2025-04-26,Taroudant,Souss-Massa,Tanger,Tanger-Tétouan-Al Hoceïma,30.4725,-8.8761,35.7595,-5.83395,704.4,610,561,-48,1,Reefer,Primeurs,Chilled,0,0.73,212.1,568.6,7102.8,8.6,32.78285662330738,-6.335363398037107
S100879,2025-03-13,Casablanca,Casablanca-Settat,Marrakech,Marrakech-Safi,33.5731,-7.5898,31.6295,-7.9811,222.8,204,218,14,1,Reefer,Primeurs,Chilled,0,0.98,71.6,192.0,2481.3,11.9,32.01600468484811,-7.902993294603804
S100880,2025-04-23,Taroudant,Souss-Massa,Béni Mellal,Béni Mellal-Khénifra,30.4725,-8.8761,32.3373,-6.3498,308.0,271,270,0,1,Reefer,Viande,Chilled,0,0.72,88.4,236.9,3588.2,3.5,31.316568179947314,-7.6279154887368374
S100881,2025-01-17,Taroudant,Souss-Massa,Tanger,Tanger-Tétouan-Al Hoceïma,30.4725,-8.8761,35.7595,-5.83395,716.9,732,731,-1,1,Reefer,Produits laitiers,Chilled,0,0.85,208.7,559.4,7286.5,6.6,33.73711731282555,-6.710525233520603
S100882,2025-03-12,Taroudant,Souss-Massa,Béni Mellal,Béni Mellal-Khénifra,30.4725,-8.8761,32.3373,-6.3498,413.7,423,418,-4,1,Dry Van,Agro-alimentaire,Ambient,0,0.68,116.9,313.3,3517.3,9.0,31.49949510982133,-7.437885777944314
S100883,2025-01-08,Taroudant,Souss-Massa,Laâyoune,Laâyoune-Sakia El Hamra,30.4725,-8.8761,27.1517,-13.1997,492.2,519,556,36,0,Dry Van,Agrumes,Ambient,0,0.64,160.0,428.7,4528.4,9.5,28.00361316326249,-10.594675675115806
S100884,2025-03-19,Agadir,Souss-Massa,Laâyoune,Laâyoune-Sakia El Hamra,30.4278,-9.5981,27.1517,-13.1997,598.5,579,610,30,0,Reefer,Produits laitiers,Chilled,0,0.98,173.5,464.9,7456.7,11.6,28.197968559176207,-11.153848536074703
S100885,2025-01-17,Taroudant,Souss-Massa,Agadir Aït Melloul,Souss-Massa,30.4725,-8.8761,30.322,-9.373,51.5,45,55,9,1,Reefer,Primeurs,Chilled,0,0.85,16.7,44.9,584.9,10.2,30.489611415591938,-9.242233426031161
S100886,2025-01-03,Casablanca,Casablanca-Settat,Béni Mellal,Béni Mellal-Khénifra,33.5731,-7.5898,32.3373,-6.3498,184.2,172,185,13,1,Reefer,Viande,Chilled,0,0.78,52.9,141.9,2133.7,9.0,32.61587104460209,-6.758757387613317
S100887,2025-04-14,Agadir,Souss-Massa,Fès,Fès-Meknès,30.4278,-9.5981,34.0181,-5.0078,448.9,375,360,-15,1,Reefer,Primeurs,Chilled,0,0.61,145.8,390.9,5255.0,11.6,33.31129234407244,-7.401275665510383
S100888,2025-05-13,Casablanca,Casablanca-Settat,Laâyoune,Laâyoune-Sakia El Hamra,33.5731,-7.5898,27.1517,-13.1997,715.0,705,706,1,1,Reefer,Produits laitiers,Chilled,0,0.76,252.3,676.3,6974.0,6.0,29.84565994576966,-10.558374382332293
S100889,2025-07-14,Taroudant,Souss-Massa,Rabat,Rabat-Salé-Kénitra,30.4725,-8.8761,34.0209,-6.8416,455.1,507,504,-3,1,Reefer,Viande,Chilled,0,0.69,137.4,368.4,4553.6,3.7,32.75730261321448,-7.225415131607784
S100890,2025-01-30,Taroudant,Souss-Massa,Meknès,Fès-Meknès,30.4725,-8.8761,33.8935,-5.5473,589.8,517,502,-15,1,Reefer,Primeurs,Chilled,0,0.83,194.9,522.3,7079.1,7.0,31.56217947875761,-7.054273498595535
S100891,2025-08-18,Taroudant,Souss-Massa,Marrakech,Marrakech-Safi,30.4725,-8.8761,31.6295,-7.9811,159.7,159,139,-19,1,Dry Van,Agrumes,Ambient,0,0.75,44.9,120.3,1227.8,11.9,30.596613632058506,-8.541403834408918
S100892,2025-03-19,Agadir,Souss-Massa,Rabat,Rabat-Salé-Kénitra,30.4278,-9.5981,34.0209,-6.8416,663.2,715,707,-7,1,Dry Van,Agrumes,Ambient,0,0.7,230.0,616.3,5642.1,9.3,31.848603150202962,-7.5821965785678955
S100893,2025-07-11,Agadir,Souss-Massa,Meknès,Fès-Meknès,30.4278,-9.5981,33.8935,-5.5473,476.2,399,418,18,0,Reefer,Primeurs,Chilled,0,0.69,170.7,457.5,4803.1,5.2,32.89973966926281,-6.947088141819234
S100894,2025-01-25,Casablanca,Casablanca-Settat,Rabat,Rabat-Salé-Kénitra,33.5731,-7.5898,34.0209,-6.8416,68.5,64,52,-11,1,Reefer,Produits laitiers,Chilled,0,0.81,23.6,63.2,731.7,11.6,33.78498132575749,-7.446655973853664
S100895,2025-07-12,Agadir,Souss-Massa,Meknès,Fès-Meknès,30.4278,-9.5981,33.8935,-5.5473,494.3,429,459,30,0,Dry Van,Jus de fruits,Ambient,0,0.55,165.6,443.8,4405.8,7.6,32.91705079846591,-7.794869751113185
S100896,2025-08-02,Taroudant,Souss-Massa,Laâyoune,Laâyoune-Sakia El Hamra,30.4725,-8.8761,27.1517,-13.1997,466.2,432,452,19,0,Dry Van,Agrumes,Ambient,0,0.73,165.9,444.6,4539.8,9.5,29.145689762173166,-10.34171514794293
S100897,2025-04-10,Agadir,Souss-Massa,Marrakech,Marrakech-Safi,30.4278,-9.5981,31.6295,-7.9811,198.6,166,168,1,1,Dry Van,Agrumes,Ambient,0,0.46,55.7,149.2,1700.4,11.4,31.310203231393572,-9.033146318485331
S100898,2025-04-18,Agadir,Souss-Massa,Kénitra,Rabat-Salé-Kénitra,30.4278,-9.5981,34.2541,-6.589,463.1,430,402,-28,1,Reefer,Viande,Chilled,0,0.88,144.5,387.2,4783.9,8.8,31.578724416429463,-7.861080448925841
S100899,2025-08-28,Casablanca,Casablanca-Settat,Kénitra,Rabat-Salé-Kénitra,33.5731,-7.5898,34.2541,-6.589,106.2,103,110,7,1,Reefer,Produits laitiers,Chilled,0,0.76,35.7,95.8,1090.7,8.5,33.92876400383345,-6.798505103170969
